Residue,Chain,ResidueNum,Mean,Sd,FrstRange,Selected
0_M1,0,M1,-0.13537171717171773,0.13964358759868895,0.4292484685983372,False
0_N2,0,N2,-0.7398222222222255,0.26920876726457915,0.747721129438496,True
0_N3,0,N3,-0.5783232323232352,0.3001547504039537,0.8052635829794184,True
0_L4,0,L4,0.9120040404040429,0.17066716841735413,0.857643255853541,True
0_Y5,0,Y5,0.05768484848484823,0.2188209665229526,0.8124592735716144,False
0_R6,0,R6,-0.49426868686868813,0.032174862799905196,0.11889221689641227,False
0_D7,0,D7,-0.9371232323232332,0.1924340398406729,0.5263778912017735,True
0_L8,0,L8,1.1445333333333352,0.07007885663064249,0.19202140598066375,False
0_A9,0,A9,-0.006921212121212362,0.06569496936191431,0.23182636818528346,False
0_P10,0,P10,-1.0290767676767698,0.018940135499300428,0.10248136368530258,False
0_V11,0,V11,1.424741414141417,0.008841033887122197,0.03906736750429163,False
0_T12,0,T12,-0.13858989898989946,0.02951733555772929,0.08207370734389255,False
0_E13,0,E13,-0.8413292929292953,0.050740764601058634,0.17988427505680227,False
0_A14,0,A14,0.46147878787878954,0.043716210683763676,0.20093922262922864,False
0_A15,0,A15,0.9589333333333362,0.09435665732830723,0.2675613833280459,False
0_W16,0,W16,0.45394141414141487,0.08196682841125466,0.36890920278972233,True
0_A17,0,A17,0.46863636363636474,0.013984699570250446,0.03977441699999912,False
0_E18,0,E18,-1.058917171717174,0.019037093073705887,0.10400682810545092,False
0_I19,0,I19,1.6425959595959634,0.00825096916934519,0.036352456111944154,False
0_E20,0,E20,-0.9393353535353551,0.004711837530481965,0.012963181051064865,False
0_L21,0,L21,1.4032868686868714,0.013450406297643842,0.0741500614963877,False
0_E22,0,E22,-0.8155858585858614,0.015500135287929014,0.07004020048086534,False
0_A23,0,A23,0.4967757575757587,0.02627388498218627,0.10047559101593517,False
0_A24,0,A24,0.9137898989899008,0.07898779778360193,0.4430918758674407,True
0_R25,0,R25,-0.47021818181818326,0.06385904065533664,0.20804798841381744,False
0_T26,0,T26,-0.23684040404040477,0.026261976288726598,0.09110562399631503,False
0_F27,0,F27,0.5497797979797996,0.02847448462448278,0.15782946306172818,False
0_K28,0,K28,-1.0356727272727297,0.19104986474616814,0.9952565300509272,True
0_R29,0,R29,-0.5902505050505059,0.020361821223300457,0.07140769117880963,False
0_H30,0,H30,-0.29968686868686945,0.019431277488810083,0.08673925426486623,False
0_I31,0,I31,1.709044444444449,0.10056274202302791,0.5478831669801447,True
0_A32,0,A32,0.2614464646464653,0.09469229640809639,0.42118515124496614,True
0_G33,0,G33,-0.5488444444444449,0.011239463872778944,0.04439010122112208,False
0_R34,0,R34,-0.43737575757575853,0.01650456786240967,0.04619330705279723,False
0_R35,0,R35,-0.625351515151516,0.1177230601004736,0.36290562459722553,True
0_V36,0,V36,1.3282262626262658,0.014558618727035618,0.03941562052046921,False
0_V37,0,V37,1.2510868686868715,0.009392545868338468,0.025979071068102266,False
0_D38,0,D38,-1.2141171717171748,0.11708118114869744,0.5461614266878588,True
0_V39,0,V39,1.363800000000003,0.006685619570120396,0.02278799387281749,False
0_S40,0,S40,-0.6309292929292948,0.04274685112323865,0.17266204699034438,False
0_D41,0,D41,-0.6681373737373748,0.0727631784571041,0.40470329751537093,True
0_P42,0,P42,-1.4745575757575793,0.08859305748299559,0.5464681854647331,True
0_G43,0,G43,-0.2410767676767687,0.05371439515160495,0.14061955326633718,False
0_G44,0,G44,-0.1307434343434347,0.02991520930481482,0.14059153045350103,False
0_P45,0,P45,-0.7544060606060671,1.1222781498019792,2.9683426900589325,True
0_V46,0,V46,0.9369191919191948,0.1123287055685117,0.6037225866139927,True
0_T47,0,T47,-0.2904080808080817,0.05123942990934262,0.29395228526071326,False
0_A48,0,A48,0.6039777777777784,0.041926896274403984,0.23774148959087438,False
0_A49,0,A49,0.6994505050505064,0.06412942905128075,0.1762126254805072,False
0_V50,0,V50,1.3383515151515182,0.04743039129211856,0.13652036457247396,False
0_S51,0,S51,-0.456676767676769,0.0689002870563348,0.3245568896543601,False
0_T52,0,T52,-0.2871919191919197,0.0184646429198102,0.0865732753684875,False
0_G53,0,G53,-0.1510060606060612,0.05593970909129485,0.1769435782184724,False
0_R54,0,R54,1.1754060606060628,0.18925854488909666,0.6931895768127687,True
0_L55,0,L55,0.1587797979797995,0.22419515857514258,0.7026652625006102,True
0_I56,0,I56,0.9728383838383842,0.382409890656059,1.0537115944229007,True
0_D57,0,D57,1.234826262626267,0.263961085443349,1.1917701693206413,True
0_V58,0,V58,1.5848585858585893,0.21062572644245012,0.683307433242623,True
0_K59,0,K59,1.7476202020202074,0.016892846293504016,0.059486930739609756,False
0_A60,0,A60,0.036331313131311195,0.36262435428750944,1.0307379407094461,False
0_P61,0,P61,-0.6728888888888903,0.2086756638678595,0.717767274347149,True
0_T62,0,T62,-0.1674727272727269,0.13641781868767142,0.3774020037568863,True
0_N63,0,N63,-0.6432545454545467,0.06824469897613962,0.1949392865563071,False
0_G64,0,G64,-0.5185959595959608,0.050228746274118566,0.2194898192025611,False
0_V65,0,V65,1.3384141414141457,0.023734196904979018,0.11281203766848336,False
0_I66,0,I66,1.5506848484848517,0.14991620356477475,0.7874082188210776,True
0_A67,0,A67,0.6664646464646475,0.18928571574845046,0.9094947052761556,True
0_H68,0,H68,-0.7825959595959616,0.030091706734634564,0.1344422260103092,False
0_L69,0,L69,1.290244444444448,0.06943812335962826,0.18377185788199668,False
0_R70,0,R70,0.03575959595959702,0.2430541846122105,0.9063051281736267,False
0_A71,0,A71,-0.43375151515151533,0.29092365465628467,1.2299674688213946,True
0_S72,0,S72,-0.694191919191921,0.04349227722575583,0.16108976402353747,False
0_K73,0,K73,-1.3063515151515166,0.010705739845717696,0.05498112616230033,False
0_P74,0,P74,-1.268733333333338,0.04625035836737498,0.20277717534199136,False
0_L75,0,L75,1.2966646464646496,0.02874724533068079,0.08558661580597615,False
0_V76,0,V76,1.366353535353539,0.004153537237014555,0.023096352145456578,False
0_R77,0,R77,-0.17065252525252603,0.2663075384221773,1.1374845024087408,True
0_L78,0,L78,1.3520141414141462,0.01581362873450674,0.07604817995545488,False
0_R79,0,R79,0.4267979797979807,0.2908308470190275,1.3245825007656744,True
0_V80,0,V80,1.4196020202020234,0.019438279794436377,0.10416660173937764,False
0_P81,0,P81,-0.5214404040404063,0.08306279559668209,0.24782702547941693,False
0_F82,0,F82,1.0695494949494966,0.014905800068409414,0.06824225259496375,False
0_T83,0,T83,-0.02862020202020209,0.010352470284613937,0.03162240851981836,False
0_L84,0,L84,1.2541313131313157,0.014874933313814457,0.06974635099735793,False
0_S85,0,S85,0.26233333333333375,0.036288696996661096,0.10052384813059098,False
0_R86,0,R86,0.3712484848484856,0.05097663021959041,0.26503919906354584,False
0_N87,0,N87,0.5427878787878802,0.09240105300642106,0.323652277393114,False
0_E88,0,E88,-0.006559595959596304,0.15645028352250392,0.7328951474118955,False
0_I89,0,I89,1.5906949494949532,0.008015376394107232,0.02142401486290857,False
0_D90,0,D90,0.42241010101010223,0.08587222448808966,0.24307568682210778,False
0_D91,0,D91,-0.06415555555555573,0.14126309529861453,0.6256100018655477,False
0_V92,0,V92,1.3365414141414174,0.0459318456303734,0.13127524744345442,False
0_E93,0,E93,-1.47776565656566,0.024143886123715368,0.08624821003508587,False
0_R94,0,R94,-0.030676767676767733,0.033473675393770226,0.17156609373625614,False
0_G95,0,G95,-0.07139797979798035,0.06547266819659212,0.226896552987644,False
0_S96,0,S96,-0.4088909090909098,0.036966467358954404,0.15057247324798095,False
0_K97,0,K97,1.2160888888888919,0.08497346154560337,0.3498136195526377,False
0_D98,0,D98,-0.5162585858585884,0.1897421151291984,0.5286502692571684,True
0_S99,0,S99,-0.37099191919192026,0.07695897092353168,0.30311706833115304,False
0_D100,0,D100,-0.9819353535353555,0.09430954828408371,0.3227079336300286,False
0_W101,0,W101,0.6330888888888898,0.05503541150313711,0.15546340872122244,False
0_E102,0,E102,-0.42655959595959697,0.08433384467238045,0.28283425147296115,False
0_P103,0,P103,-0.9726525252525268,0.022460330260569792,0.06084417767621364,False
0_V104,0,V104,1.1717535353535378,0.004871079671241515,0.016427318732250784,False
0_K105,0,K105,-0.5449414141414157,0.05196138597225404,0.2869394991611323,False
0_E106,0,E106,-0.24741818181818243,0.060505820463762294,0.300226186366772,False
0_A107,0,A107,0.6133131313131328,0.06137400997447603,0.3150071959668302,False
0_A108,0,A108,0.8142626262626275,0.01618928043339426,0.04578291488005737,False
0_K109,0,K109,-1.0205656565656591,0.02341561969766603,0.14659437938998543,False
0_K110,0,K110,-0.8693919191919212,0.014558503153381194,0.06967583238501496,False
0_L111,0,L111,1.1864121212121232,0.005191241988577926,0.01625052448984765,False
0_A112,0,A112,0.9914989898989915,0.018790017093561144,0.09950495208429744,False
0_F113,0,F113,0.14635959595959652,0.11602644321433099,0.5464094453594391,False
0_V114,0,V114,1.6640606060606096,0.04005456110754557,0.17285485327942895,False
0_E115,0,E115,-0.911816161616164,0.031141501798643847,0.0998001419497967,False
0_D116,0,D116,-1.3160000000000036,0.01351392862123858,0.041526567814923476,False
0_R117,0,R117,-0.18430707070707167,0.06365795243295318,0.20111876143376195,False
0_T118,0,T118,-0.2445696969696978,0.030693025301677886,0.0849932213578099,False
0_I119,0,I119,1.4421636363636399,0.021852806117063764,0.08566889302145575,False
0_F120,0,F120,1.316606060606064,0.009373535122956354,0.04320862435312933,False
0_E121,0,E121,-0.7022161616161627,0.021615951754200398,0.09396284004858113,False
0_G122,0,G122,-0.56679191919192,0.026612992109835767,0.11006672114991517,False
0_Y123,0,Y123,-0.5624808080808095,0.07528507128146417,0.24451900157580392,False
0_S124,0,S124,-0.23991919191919214,0.2603984050341287,0.9426200677538323,True
0_A125,0,A125,0.35878989898989966,0.04988271138841597,0.2561039002429403,False
0_A126,0,A126,0.588610101010103,0.15474138230584666,0.404382095183622,True
0_S127,0,S127,-0.3322262626262628,0.1594524722914747,0.507044733483323,True
0_I128,0,I128,1.5031515151515191,0.06090889556986055,0.17285105103428022,False
0_E129,0,E129,-1.2792868686868717,0.059253598478995556,0.167811157128682,False
0_G130,0,G130,-0.43021010101010226,0.0053618894349731485,0.03359643204321172,False
0_I131,0,I131,1.4123070707070728,0.01035189130933239,0.05631958407888815,False
0_R132,0,R132,-0.24073333333333444,0.205985643095685,0.7024735421661327,True
0_S133,0,S133,0.18578383838383863,0.04678170675240808,0.1939989889479582,False
0_A134,0,A134,0.37018989898990123,0.2979165330341176,0.803528615699002,True
0_S135,0,S135,-0.7234505050505071,0.01070527531024686,0.03478441898579687,False
0_S136,0,S136,-0.33417171717171756,0.10745094468780043,0.29055612654582846,False
0_N137,0,N137,-0.6948949494949512,0.06820280987715423,0.31000355509571953,False
0_P138,0,P138,-0.6559535353535364,0.07410182588863953,0.3591250367349961,True
0_A139,0,A139,-0.47825454545454427,0.45680565499208436,1.2264459015509106,True
0_L140,0,L140,1.2514484848484877,0.037209833112791434,0.1265470387232157,False
0_T141,0,T141,-0.7176545454545477,0.03563142385351757,0.0983421122259518,False
0_L142,0,L142,1.2651474747474774,0.04492648930477164,0.12379522080435645,False
0_P143,0,P143,-1.2746868686868709,0.0335766514061189,0.10589985441223781,False
0_E144,0,E144,0.1889535353535352,0.09338386238081728,0.26407262010052873,False
0_D145,0,D145,0.31001818181818197,0.21973610234427327,0.7850282472900239,True
0_P146,0,P146,-0.8408727272727294,0.04166636521536528,0.22405348432403127,False
0_R147,0,R147,1.8613595959595994,0.150302032721445,0.47051153117264444,True
0_E148,0,E148,-1.3130101010101052,0.07029429037814948,0.34237330337803606,False
0_I149,0,I149,1.7455111111111143,0.05907514548702591,0.1577235639966479,False
0_P150,0,P150,-1.1680424242424265,0.0384003528958891,0.1598979831297036,False
0_D151,0,D151,-0.0038181818181811018,0.17010414281798594,0.4669713843029454,False
0_V152,0,V152,1.2559353535353561,0.013544916345435623,0.05450496057170673,False
0_I153,0,I153,1.3468666666666698,0.04369204878790226,0.18230078007646977,False
0_S154,0,S154,-0.42617575757575865,0.014106021532710279,0.049881240131316396,False
0_Q155,0,Q155,-0.6756323232323248,0.021198706198213447,0.13159169091383927,False
0_A156,0,A156,0.616656565656567,0.037246241130615594,0.1627758588971615,False
0_L157,0,L157,1.2801757575757613,0.03429182955957278,0.1419649564761749,False
0_S158,0,S158,-0.41074949494949553,0.028458952828928314,0.105376627966358,False
0_E159,0,E159,-1.0438363636363657,0.030432531741810497,0.08557860137964735,False
0_L160,0,L160,1.3836969696969743,0.025233285509796317,0.08138794332223287,False
0_R161,0,R161,-0.21812929292929287,0.10041763329031295,0.2639446560979376,False
0_L162,0,L162,0.05250303030303038,0.13768685974286532,0.6053151517453279,False
0_A163,0,A163,0.5422020202020211,0.053021070347834515,0.24579332794858194,False
0_G164,0,G164,-0.500602020202022,0.08407148775744082,0.32262396998952847,False
0_V165,0,V165,1.336250505050507,0.04397469810786283,0.12088465650586144,False
0_D166,0,D166,2.012024242424249,0.058412388872657345,0.17456109082381888,False
0_G167,0,G167,-0.7334949494949508,0.0979582185624756,0.2677825078632434,False
0_P168,0,P168,-1.4300222222222259,0.1678835962907248,0.558207199552551,True
0_Y169,0,Y169,0.1985353535353541,0.16807871118662338,0.9547345606041601,True
0_S170,0,S170,-0.7122040404040416,0.053613936783129125,0.1822605062374587,False
0_V171,0,V171,1.2884828282828327,0.004208123811189183,0.011500410271568784,False
0_L172,0,L172,1.3573171717171768,0.04080838318801743,0.10708583575919417,False
0_L173,0,L173,1.5123171717171762,0.019887398424979334,0.06641046915320614,False
0_S174,0,S174,-0.6007252525252543,0.05443236838763502,0.15739911527846684,False
0_A175,0,A175,0.1694707070707073,0.05962630074540731,0.2282167842113875,False
0_D176,0,D176,0.25149292929293005,0.20264353258694678,0.6946350265577427,True
0_V177,0,V177,1.429185858585863,0.03787707094550525,0.17546641660494533,False
0_Y178,0,Y178,-0.12092525252525382,0.34412388570872365,1.0398074072633117,False
0_T179,0,T179,-0.12370101010101038,0.04146313026349452,0.14598301783154025,False
0_K180,0,K180,0.7217858585858594,0.1917134388995706,0.5417222947853477,True
0_V181,0,V181,0.9387676767676804,0.6078066185371995,2.0663305305489343,True
0_S182,0,S182,-0.1362444444444452,0.10560954004797415,0.27644572340652734,False
0_E183,0,E183,-0.1987474747474769,0.3945164870168576,1.0835704064650642,True
0_T184,0,T184,-0.16328888888888943,0.15581885264873951,0.6994445947019706,True
0_S185,0,S185,-0.489955555555557,0.2544844848220588,1.054268535910648,True
0_D186,0,D186,0.1798888888888892,0.23510586275016435,0.9932238114962216,True
0_H187,0,H187,0.9090141414141427,0.11405129411555062,0.6065289198593601,True
0_G188,0,G188,0.3238969696969703,0.0728882063962731,0.41806682486973346,True
0_Y189,0,Y189,-0.33082424242424535,0.6503016357245177,3.3478839819647996,True
0_P190,0,P190,-1.163119191919194,0.10896925016348598,0.5144289792837328,True
0_I191,0,I191,1.4036828282828318,0.06104976587926231,0.24497731756423713,False
0_R192,0,R192,-0.4927898989899,0.10017899852330728,0.3970958728402858,True
0_E193,0,E193,-0.7092222222222239,0.0568677583629943,0.17028347694749568,False
0_H194,0,H194,-0.3778949494949504,0.050795141207465346,0.19309133861731137,False
0_L195,0,L195,1.2197717171717197,0.020941036802007106,0.08256123383042313,False
0_N196,0,N196,-0.9092828282828316,0.11548345409518,0.42797872213511146,True
0_R197,0,R197,1.4153252525252544,0.1530881440681504,0.8320602098894396,True
0_L198,0,L198,1.1185030303030314,0.06326437230133694,0.21301030038593738,False
0_V199,0,V199,1.209820202020205,0.024546637376214313,0.1468432879978654,False
0_D200,0,D200,0.45638383838384006,0.1609776395967438,0.8325910462717473,True
0_G201,0,G201,-0.4032080808080812,0.06317396945347617,0.22093611364090882,False
0_D202,0,D202,-0.5037898989899007,0.0916525301696079,0.26474972437181377,False
0_I203,0,I203,1.3707272727272763,0.046008178665141716,0.14149107116892456,False
0_I204,0,I204,1.45536161616162,0.03373128471145845,0.09236646132473614,False
0_W205,0,W205,0.46024848484848563,0.11723773130504336,0.5108119059428835,True
0_A206,0,A206,0.3666525252525264,0.08471062445820891,0.2481829752542395,False
0_P207,0,P207,-0.9925898989899008,0.18895515027769552,0.7432140265936208,True
0_A208,0,A208,-0.6256242424242432,0.19977717922051752,0.6537218208927054,True
0_I209,0,I209,1.669541414141418,0.04472018797483185,0.12325620719618557,False
0_D210,0,D210,-0.8767010101010119,0.1302329088310848,0.36789398037823073,True
0_G211,0,G211,-0.5007292929292944,0.015599270431057792,0.04261851802584915,False
0_A212,0,A212,0.3921939393939406,0.02885748242219028,0.13768600934288233,False
0_F213,0,F213,1.3605858585858628,0.01767083498777918,0.08462155450212006,False
0_V214,0,V214,1.3020727272727313,0.0018771798255442073,0.006892090680067353,False
0_L215,0,L215,1.4163696969696995,0.009846848215305822,0.040749547947887876,False
0_T216,0,T216,-0.3460000000000009,0.016443579942346322,0.050564071456906445,False
0_T217,0,T217,-0.30866262626262697,0.046478962477011956,0.2581293373347455,False
0_R218,0,R218,1.3094686868686904,0.1822173802152157,0.5717739380991858,True
0_G219,0,G219,-0.4283595959595968,0.08138996510918303,0.3634404282833098,True
0_G220,0,G220,-0.07279393939393934,0.03420667637146802,0.098358460490926,False
0_D221,0,D221,-1.3719575757575777,0.09140768962167134,0.29537315080344206,False
0_F222,0,F222,1.416204040404044,0.013420755632306285,0.06729444804123652,False
0_D223,0,D223,-1.4833616161616217,0.13007110437995084,0.7010632371016271,True
0_L224,0,L224,1.3519939393939437,0.004010652804732615,0.024599485021715495,False
0_Q225,0,Q225,-0.776802020202022,0.02021079659301866,0.12362675184098315,False
0_L226,0,L226,1.2997959595959607,0.013168237555728081,0.06143133302167558,False
0_G227,0,G227,0.04461616161616161,0.0648982589970094,0.3173640699125731,False
0_T228,0,T228,-0.11063434343434377,0.0371535735263384,0.19153457891428402,False
0_D229,0,D229,-1.2267414141414166,0.5616818992145385,2.7108062782707574,True
0_V230,0,V230,1.1611595959595982,0.11451019145507585,0.4452313291829678,True
0_A231,0,A231,-0.7147191919191928,0.20170823920380695,0.555135459507403,True
0_I232,0,I232,1.4398808080808112,0.056738799093891276,0.2182572743390554,False
0_G233,0,G233,-0.5755575757575762,0.04343069608727794,0.12171060896912411,False
0_Y234,0,Y234,-0.15544444444444472,0.2677121911549359,1.015284606902785,True
0_A235,0,A235,-0.3767474747474758,0.10626190165407776,0.35010233253293055,False
0_S236,0,S236,-0.19053737373737403,0.04164107401713854,0.11618049250258694,False
0_H237,0,H237,0.26623232323232365,0.04809532629895458,0.20957249686311893,False
0_D238,0,D238,1.3594969696969725,0.17568502994968765,0.507807521858207,True
0_T239,0,T239,0.4245858585858595,0.04450207406202631,0.13149836029755924,False
0_D240,0,D240,1.059947474747477,0.11143119943528135,0.5115271266308338,True
0_T241,0,T241,0.831662626262628,0.029945841280578932,0.08237307373451075,False
0_V242,0,V242,1.3764161616161634,0.0008763100375164763,0.0038201125682506554,False
0_R243,0,R243,0.06377171717171712,0.07586599082887299,0.26239864832844656,False
0_L244,0,L244,1.2440545454545482,0.006614474687658589,0.027737751984987735,False
0_Y245,0,Y245,0.7644080808080818,0.05669418207002256,0.19100679240960483,False
0_L246,0,L246,1.288979797979802,0.012889886808883949,0.048517400708966596,False
0_Q247,0,Q247,-0.8449616161616177,0.02188630201827222,0.11567444013659878,False
0_E248,0,E248,-1.087264646464648,0.05232170703275953,0.23952548461576195,False
0_T249,0,T249,-0.3188787878787884,0.04107082752323065,0.145551111798037,False
0_L250,0,L250,1.2652141414141427,0.026754871206493225,0.08263368826752981,False
0_T251,0,T251,-0.19156161616161643,0.01949648870287257,0.08346814474603745,False
0_F252,0,F252,1.2877393939393977,0.005097601671951152,0.02348236889826172,False
0_L253,0,L253,1.0989454545454564,0.11861239914397873,0.39361997642163515,True
0_C254,0,C254,1.8328181818181868,0.05963726788819479,0.3223524472789563,False
0_Y255,0,Y255,0.11687070707070803,0.14311987540519133,0.3967127276432033,False
0_T256,0,T256,0.0288545454545461,0.10815359328940403,0.3309341301959199,False
0_A257,0,A257,-0.5862848484848494,0.007123920696967891,0.032875668134516256,False
0_E258,0,E258,-0.692006060606062,0.11589257651966359,0.3202742642743379,False
0_A259,0,A259,0.3950222222222228,0.08836383090279769,0.24373779874821033,False
0_S260,0,S260,-0.6762141414141426,0.0043929614568946045,0.013683518586118937,False
0_V261,0,V261,1.289151515151517,0.00425633111240653,0.01594833075125246,False
0_A262,0,A262,-0.028981818181818247,0.02021302954424458,0.11199718677001783,False
0_L263,0,L263,1.4488525252525295,0.01068029531873643,0.047653193211488754,False
0_S264,0,S264,-0.6227757575757585,0.03916546525260381,0.11920637650638577,False
