Chain,Residue,Frame,FrstIndex
A,M1,0,0.355
A,N2,0,0.13
A,N3,0,-0.038
A,L4,0,1.193
A,Y5,0,0.689
A,R6,0,-0.683
A,D7,0,-0.911
A,L8,0,0.152
A,A9,0,0.096
A,P10,0,-0.861
A,V11,0,1.492
A,T12,0,-0.384
A,E13,0,-1.05
A,A14,0,-0.271
A,A15,0,1.203
A,W16,0,-0.568
A,A17,0,-0.51
A,E18,0,-1.124
A,I19,0,1.473
A,E20,0,-1.022
A,L21,0,1.433
A,E22,0,-0.809
A,A23,0,0.604
A,A24,0,0.565
A,R25,0,0.147
A,T26,0,-0.249
A,F27,0,0.995
A,K28,0,0.117
A,R29,0,-0.105
A,H30,0,0.25
A,I31,0,1.384
A,A32,0,-0.003
A,G33,0,-0.468
A,R34,0,-0.442
A,R35,0,-0.388
A,V36,0,1.388
A,V37,0,1.303
A,D38,0,0.41
A,V39,0,1.362
A,S40,0,-0.675
A,D41,0,-0.318
A,P42,0,-1.005
A,G43,0,-0.333
A,G44,0,-0.135
A,P45,0,0.016
A,V46,0,0.37
A,T47,0,-0.264
A,A48,0,0.111
A,A49,0,-0.134
A,V50,0,1.212
A,S51,0,0.597
A,T52,0,-0.239
A,G53,0,-0.159
A,R54,0,-0.801
A,L55,0,-0.25
A,I56,0,1.065
A,D57,0,1.111
A,V58,0,1.765
A,K59,0,0.688
A,A60,0,0.896
A,P61,0,0.262
A,T62,0,0.164
A,N63,0,-1.063
A,G64,0,-0.641
A,V65,0,0.328
A,I66,0,2.028
A,A67,0,0.672
A,H68,0,0.688
A,L69,0,0.776
A,R70,0,-0.788
A,A71,0,-1.402
A,S72,0,-0.546
A,K73,0,-1.109
A,P74,0,-1.234
A,L75,0,1.369
A,V76,0,1.24
A,R77,0,-0.054
A,L78,0,1.311
A,R79,0,-0.325
A,V80,0,1.483
A,P81,0,-0.623
A,F82,0,1.18
A,T83,0,-0.518
A,L84,0,1.002
A,S85,0,-0.415
A,R86,0,1.845
A,N87,0,1.368
A,E88,0,-0.188
A,I89,0,2.176
A,D90,0,1.993
A,D91,0,0.414
A,V92,0,0.573
A,E93,0,-0.973
A,R94,0,2.408
A,G95,0,-0.427
A,S96,0,-0.32
A,K97,0,-0.375
A,D98,0,0.109
A,S99,0,-0.66
A,D100,0,-1.319
A,W101,0,-0.791
A,E102,0,-1.024
A,P103,0,-1.265
A,V104,0,1.176
A,K105,0,-0.493
A,E106,0,-0.309
A,A107,0,0.865
A,A108,0,0.904
A,K109,0,-0.894
A,K110,0,-0.752
A,L111,0,1.161
A,A112,0,1.089
A,F113,0,0.505
A,V114,0,1.649
A,E115,0,-1.054
A,D116,0,-1.274
A,R117,0,-0.532
A,T118,0,-0.236
A,I119,0,1.399
A,F120,0,1.191
A,E121,0,-0.696
A,G122,0,-0.46
A,Y123,0,0.228
A,S124,0,-0.103
A,A125,0,-0.165
A,A126,0,0.761
A,S127,0,-0.422
A,I128,0,1.573
A,E129,0,-1.193
A,G130,0,-0.326
A,I131,0,1.473
A,R132,0,0.078
A,S133,0,-0.03
A,A134,0,-1.568
A,S135,0,1.076
A,S136,0,-0.6
A,N137,0,-0.364
A,P138,0,-0.58
A,A139,0,-1.316
A,L140,0,1.498
A,T141,0,-0.653
A,L142,0,1.302
A,P143,0,-1.337
A,E144,0,0.004
A,D145,0,-0.225
A,P146,0,-0.37
A,R147,0,2.006
A,E148,0,-1.281
A,I149,0,1.307
A,P150,0,-1.176
A,D151,0,0.485
A,V152,0,1.217
A,I153,0,1.308
A,S154,0,-0.485
A,Q155,0,-0.924
A,A156,0,0.805
A,L157,0,1.172
A,S158,0,-0.633
A,E159,0,-0.882
A,L160,0,1.412
A,R161,0,0.938
A,L162,0,-0.251
A,A163,0,0.736
A,G164,0,-0.583
A,V165,0,1.462
A,D166,0,2.166
A,G167,0,-0.938
A,P168,0,-0.468
A,Y169,0,0.819
A,S170,0,-0.709
A,V171,0,1.329
A,L172,0,1.488
A,L173,0,1.549
A,S174,0,-0.212
A,A175,0,0.261
A,D176,0,0.655
A,V177,0,1.37
A,Y178,0,-1.551
A,T179,0,0.135
A,K180,0,1.06
A,V181,0,1.314
A,S182,0,0.106
A,E183,0,-0.459
A,T184,0,-0.552
A,S185,0,0.167
A,D186,0,0.227
A,H187,0,-0.016
A,G188,0,-0.238
A,Y189,0,-1.525
A,P190,0,0.25
A,I191,0,0.892
A,R192,0,-0.541
A,E193,0,-0.897
A,H194,0,-0.186
A,L195,0,1.244
A,N196,0,-1.036
A,R197,0,1.866
A,L198,0,0.973
A,V199,0,1.175
A,D200,0,0.896
A,G201,0,-0.549
A,D202,0,0.312
A,I203,0,1.273
A,I204,0,1.774
A,W205,0,-0.329
A,A206,0,0.266
A,P207,0,-0.593
A,A208,0,0.506
A,I209,0,1.449
A,D210,0,-0.503
A,G211,0,-0.556
A,A212,0,0.468
A,F213,0,1.327
A,V214,0,1.29
A,L215,0,1.521
A,T216,0,-0.397
A,T217,0,-0.235
A,R218,0,2.333
A,G219,0,-0.049
A,G220,0,0.409
A,D221,0,-1.324
A,F222,0,1.321
A,D223,0,-1.627
A,L224,0,1.411
A,Q225,0,-0.754
A,L226,0,1.548
A,G227,0,0.145
A,T228,0,-0.218
A,D229,0,0.057
A,V230,0,1.303
A,A231,0,-0.985
A,I232,0,1.323
A,G233,0,-0.452
A,Y234,0,0.988
A,A235,0,0.158
A,S236,0,-0.779
A,H237,0,0.506
A,D238,0,-0.007
A,T239,0,1.015
A,D240,0,0.792
A,T241,0,0.608
A,V242,0,1.471
A,R243,0,-0.821
A,L244,0,1.319
A,Y245,0,0.799
A,L246,0,1.241
A,Q247,0,-0.748
A,E248,0,-0.891
A,T249,0,-0.509
A,L250,0,1.345
A,T251,0,-0.101
A,F252,0,1.324
A,L253,0,1.445
A,C254,0,1.674
A,Y255,0,-2.464
A,T256,0,-0.019
A,A257,0,-0.601
A,E258,0,-1.042
A,A259,0,0.644
A,S260,0,-0.7
A,V261,0,1.252
A,A262,0,-0.342
A,L263,0,1.48
A,S264,0,-0.401
A,M1,10,-1.367
A,N2,10,-0.648
A,N3,10,0.203
A,L4,10,0.934
A,Y5,10,-0.774
A,R6,10,-0.587
A,D7,10,-1.163
A,L8,10,0.375
A,A9,10,-0.033
A,P10,10,-0.962
A,V11,10,1.45
A,T12,10,-0.505
A,E13,10,-1.052
A,A14,10,0.349
A,A15,10,0.403
A,W16,10,-0.055
A,A17,10,0.597
A,E18,10,-1.117
A,I19,10,1.84
A,E20,10,-1.015
A,L21,10,1.169
A,E22,10,-0.738
A,A23,10,0.721
A,A24,10,1.055
A,R25,10,0.511
A,T26,10,-0.069
A,F27,10,0.843
A,K28,10,0.088
A,R29,10,-0.831
A,H30,10,0.461
A,I31,10,1.528
A,A32,10,-0.001
A,G33,10,-0.649
A,R34,10,-0.376
A,R35,10,-0.318
A,V36,10,1.347
A,V37,10,1.242
A,D38,10,-0.122
A,V39,10,1.572
A,S40,10,-0.835
A,D41,10,-0.351
A,P42,10,-1.466
A,G43,10,-0.191
A,G44,10,0.093
A,P45,10,0.563
A,V46,10,0.446
A,T47,10,-0.284
A,A48,10,0.313
A,A49,10,1.074
A,V50,10,1.084
A,S51,10,0.336
A,T52,10,-0.367
A,G53,10,-0.252
A,R54,10,-0.458
A,L55,10,0.388
A,I56,10,0.983
A,D57,10,2.055
A,V58,10,1.779
A,K59,10,1.504
A,A60,10,1.029
A,P61,10,0.348
A,T62,10,0.166
A,N63,10,-1.024
A,G64,10,-0.69
A,V65,10,1.291
A,I66,10,2.243
A,A67,10,0.641
A,H68,10,-0.17
A,L69,10,0.183
A,R70,10,-0.05
A,A71,10,-0.35
A,S72,10,-0.755
A,K73,10,-1.236
A,P74,10,-1.131
A,L75,10,1.433
A,V76,10,1.226
A,R77,10,-0.548
A,L78,10,1.359
A,R79,10,-0.069
A,V80,10,1.327
A,P81,10,-1.013
A,F82,10,1.069
A,T83,10,-0.868
A,L84,10,1.183
A,S85,10,-0.138
A,R86,10,1.784
A,N87,10,0.671
A,E88,10,-0.977
A,I89,10,1.173
A,D90,10,1.403
A,D91,10,-0.073
A,V92,10,1.206
A,E93,10,-0.919
A,R94,10,2.544
A,G95,10,-0.8
A,S96,10,-0.258
A,K97,10,-0.117
A,D98,10,-0.228
A,S99,10,-0.815
A,D100,10,-0.138
A,W101,10,1.156
A,E102,10,-1.396
A,P103,10,-0.35
A,V104,10,1.142
A,K105,10,-0.98
A,E106,10,-0.867
A,A107,10,0.79
A,A108,10,0.566
A,K109,10,-1.368
A,K110,10,-0.61
A,L111,10,1.166
A,A112,10,0.018
A,F113,10,1.227
A,V114,10,1.383
A,E115,10,-0.718
A,D116,10,-1.265
A,R117,10,-0.189
A,T118,10,-0.24
A,I119,10,1.401
A,F120,10,1.144
A,E121,10,-0.776
A,G122,10,-0.426
A,Y123,10,0.261
A,S124,10,-0.183
A,A125,10,-0.141
A,A126,10,0.694
A,S127,10,-0.396
A,I128,10,1.551
A,E129,10,-1.323
A,G130,10,-0.541
A,I131,10,1.472
A,R132,10,-0.352
A,S133,10,0.062
A,A134,10,-0.911
A,S135,10,-0.447
A,S136,10,-0.609
A,N137,10,-0.515
A,P138,10,-0.796
A,A139,10,-1.235
A,L140,10,1.212
A,T141,10,-0.606
A,L142,10,1.393
A,P143,10,-1.252
A,E144,10,-0.15
A,D145,10,0.931
A,P146,10,-1.089
A,R147,10,1.875
A,E148,10,-1.592
A,I149,10,1.887
A,P150,10,-1.164
A,D151,10,0.081
A,V152,10,1.22
A,I153,10,1.348
A,S154,10,-0.491
A,Q155,10,-0.782
A,A156,10,0.93
A,L157,10,1.224
A,S158,10,-0.567
A,E159,10,-1.107
A,L160,10,1.578
A,R161,10,0.536
A,L162,10,-0.078
A,A163,10,0.679
A,G164,10,-0.141
A,V165,10,1.255
A,D166,10,1.919
A,G167,10,-0.808
A,P168,10,-1.059
A,Y169,10,0.842
A,S170,10,-0.83
A,V171,10,1.263
A,L172,10,1.344
A,L173,10,1.479
A,S174,10,-0.449
A,A175,10,-0.003
A,D176,10,0.986
A,V177,10,1.84
A,Y178,10,-1.006
A,T179,10,0.144
A,K180,10,0.44
A,V181,10,1.562
A,S182,10,-0.046
A,E183,10,-0.505
A,T184,10,-0.37
A,S185,10,0.185
A,D186,10,0.233
A,H187,10,-0.389
A,G188,10,-0.236
A,Y189,10,-2.49
A,P190,10,-0.271
A,I191,10,0.954
A,R192,10,-0.836
A,E193,10,-1.1
A,H194,10,-0.442
A,L195,10,1.243
A,N196,10,-0.824
A,R197,10,0.792
A,L198,10,0.925
A,V199,10,1.167
A,D200,10,0.9
A,G201,10,-0.603
A,D202,10,-0.5
A,I203,10,1.168
A,I204,10,1.667
A,W205,10,-0.319
A,A206,10,0.647
A,P207,10,-0.409
A,A208,10,0.224
A,I209,10,1.515
A,D210,10,-0.332
A,G211,10,-0.471
A,A212,10,0.464
A,F213,10,1.266
A,V214,10,1.271
A,L215,10,1.507
A,T216,10,-0.389
A,T217,10,-0.52
A,R218,10,1.222
A,G219,10,-0.595
A,G220,10,-0.363
A,D221,10,-1.358
A,F222,10,1.246
A,D223,10,-1.241
A,L224,10,1.411
A,Q225,10,-0.761
A,L226,10,1.583
A,G227,10,0.238
A,T228,10,-0.195
A,D229,10,-1.217
A,V230,10,1.22
A,A231,10,-0.159
A,I232,10,1.324
A,G233,10,-0.433
A,Y234,10,0.932
A,A235,10,0.246
A,S236,10,-0.636
A,H237,10,0.071
A,D238,10,-0.15
A,T239,10,0.596
A,D240,10,1.213
A,T241,10,0.462
A,V242,10,1.538
A,R243,10,-0.889
A,L244,10,1.336
A,Y245,10,0.617
A,L246,10,1.332
A,Q247,10,-0.753
A,E248,10,-0.947
A,T249,10,-0.276
A,L250,10,1.394
A,T251,10,-0.175
A,F252,10,1.378
A,L253,10,1.465
A,C254,10,1.595
A,Y255,10,-2.628
A,T256,10,0.279
A,A257,10,-0.877
A,E258,10,-1.385
A,A259,10,0.081
A,S260,10,-0.731
A,V261,10,1.29
A,A262,10,0.026
A,L263,10,1.535
A,S264,10,-0.632
A,M1,20,-1.369
A,N2,20,-1.061
A,N3,20,-0.364
A,L4,20,1.169
A,Y5,20,-1.368
A,R6,20,-0.581
A,D7,20,-0.871
A,L8,20,-0.177
A,A9,20,-0.2
A,P10,20,-1.015
A,V11,20,1.431
A,T12,20,-0.423
A,E13,20,-0.54
A,A14,20,0.326
A,A15,20,1.011
A,W16,20,0.371
A,A17,20,0.489
A,E18,20,-1.11
A,I19,20,1.617
A,E20,20,-1.001
A,L21,20,1.395
A,E22,20,-0.41
A,A23,20,0.537
A,A24,20,0.84
A,R25,20,0.079
A,T26,20,-0.232
A,F27,20,0.996
A,K28,20,0.46
A,R29,20,-0.648
A,H30,20,0.214
A,I31,20,1.644
A,A32,20,0.333
A,G33,20,-0.521
A,R34,20,-0.695
A,R35,20,-0.195
A,V36,20,1.354
A,V37,20,1.474
A,D38,20,0.459
A,V39,20,1.517
A,S40,20,-0.725
A,D41,20,-0.929
A,P42,20,-1.408
A,G43,20,-0.224
A,G44,20,-0.023
A,P45,20,0.441
A,V46,20,-0.271
A,T47,20,-0.059
A,A48,20,0.228
A,A49,20,1.058
A,V50,20,0.94
A,S51,20,0.436
A,T52,20,-0.257
A,G53,20,-0.498
A,R54,20,1.218
A,L55,20,0.07
A,I56,20,0.957
A,D57,20,0.811
A,V58,20,1.479
A,K59,20,1.007
A,A60,20,1.049
A,P61,20,0.288
A,T62,20,0.444
A,N63,20,-1.025
A,G64,20,-0.701
A,V65,20,1.241
A,I66,20,2.318
A,A67,20,0.067
A,H68,20,-0.458
A,L69,20,1.086
A,R70,20,-0.803
A,A71,20,-1.431
A,S72,20,-0.541
A,K73,20,-1.289
A,P74,20,-1.091
A,L75,20,1.409
A,V76,20,1.351
A,R77,20,1.245
A,L78,20,1.357
A,R79,20,-0.203
A,V80,20,1.401
A,P81,20,-0.683
A,F82,20,1.152
A,T83,20,-0.56
A,L84,20,1.222
A,S85,20,-0.023
A,R86,20,1.825
A,N87,20,0.985
A,E88,20,-1.227
A,I89,20,1.144
A,D90,20,1.691
A,D91,20,1.117
A,V92,20,1.304
A,E93,20,-1.536
A,R94,20,2.385
A,G95,20,-0.712
A,S96,20,-0.269
A,K97,20,0.96
A,D98,20,-0.047
A,S99,20,-0.172
A,D100,20,-0.128
A,W101,20,1.229
A,E102,20,-0.87
A,P103,20,-0.687
A,V104,20,1.16
A,K105,20,-0.587
A,E106,20,-0.445
A,A107,20,0.471
A,A108,20,0.833
A,K109,20,-1.057
A,K110,20,-0.808
A,L111,20,1.166
A,A112,20,1.12
A,F113,20,0.744
A,V114,20,1.611
A,E115,20,-1.052
A,D116,20,-1.301
A,R117,20,-0.591
A,T118,20,-0.228
A,I119,20,1.619
A,F120,20,1.185
A,E121,20,-0.724
A,G122,20,-0.417
A,Y123,20,-0.213
A,S124,20,0.066
A,A125,20,-0.212
A,A126,20,0.633
A,S127,20,0.497
A,I128,20,1.487
A,E129,20,-1.36
A,G130,20,-0.414
A,I131,20,1.451
A,R132,20,-0.308
A,S133,20,0.113
A,A134,20,-1.172
A,S135,20,0.169
A,S136,20,-0.633
A,N137,20,-0.44
A,P138,20,-1.057
A,A139,20,-0.994
A,L140,20,1.148
A,T141,20,-0.798
A,L142,20,1.408
A,P143,20,-1.178
A,E144,20,-0.33
A,D145,20,-0.422
A,P146,20,-1.025
A,R147,20,1.504
A,E148,20,-1.791
A,I149,20,1.694
A,P150,20,-1.181
A,D151,20,-0.083
A,V152,20,1.218
A,I153,20,1.414
A,S154,20,-0.439
A,Q155,20,-0.785
A,A156,20,0.7
A,L157,20,1.272
A,S158,20,-0.419
A,E159,20,-1.115
A,L160,20,1.537
A,R161,20,-0.033
A,L162,20,-0.288
A,A163,20,0.849
A,G164,20,-0.286
A,V165,20,1.504
A,D166,20,2.513
A,G167,20,-0.802
A,P168,20,0.705
A,Y169,20,0.737
A,S170,20,-0.777
A,V171,20,1.269
A,L172,20,1.604
A,L173,20,1.589
A,S174,20,-0.383
A,A175,20,-0.02
A,D176,20,0.59
A,V177,20,1.618
A,Y178,20,-1.305
A,T179,20,0.112
A,K180,20,0.133
A,V181,20,1.458
A,S182,20,-0.025
A,E183,20,-0.316
A,T184,20,-0.362
A,S185,20,-0.406
A,D186,20,0.234
A,H187,20,-0.393
A,G188,20,-0.324
A,Y189,20,-2.436
A,P190,20,-0.701
A,I191,20,1.124
A,R192,20,-0.633
A,E193,20,-1.076
A,H194,20,-0.467
A,L195,20,1.192
A,N196,20,-0.883
A,R197,20,0.309
A,L198,20,1.2
A,V199,20,1.155
A,D200,20,0.936
A,G201,20,-0.605
A,D202,20,-0.352
A,I203,20,1.37
A,I204,20,1.723
A,W205,20,-0.255
A,A206,20,0.336
A,P207,20,-0.182
A,A208,20,0.47
A,I209,20,1.457
A,D210,20,-0.751
A,G211,20,-0.523
A,A212,20,0.337
A,F213,20,1.381
A,V214,20,1.274
A,L215,20,1.477
A,T216,20,-0.407
A,T217,20,-0.354
A,R218,20,2.345
A,G219,20,-0.538
A,G220,20,-0.121
A,D221,20,-1.333
A,F222,20,1.215
A,D223,20,-0.929
A,L224,20,1.3
A,Q225,20,-0.752
A,L226,20,1.397
A,G227,20,0.109
A,T228,20,0.155
A,D229,20,-0.516
A,V230,20,1.331
A,A231,20,-0.529
A,I232,20,1.333
A,G233,20,-0.421
A,Y234,20,0.974
A,A235,20,0.133
A,S236,20,-0.927
A,H237,20,-0.336
A,D238,20,-0.079
A,T239,20,0.596
A,D240,20,1.208
A,T241,20,0.591
A,V242,20,1.596
A,R243,20,-0.478
A,L244,20,1.299
A,Y245,20,0.805
A,L246,20,1.292
A,Q247,20,-0.743
A,E248,20,-1.09
A,T249,20,-0.406
A,L250,20,1.108
A,T251,20,-0.185
A,F252,20,1.446
A,L253,20,1.183
A,C254,20,1.637
A,Y255,20,-1.731
A,T256,20,0.143
A,A257,20,-0.551
A,E258,20,-0.89
A,A259,20,0.219
A,S260,20,-0.789
A,V261,20,1.247
A,A262,20,-0.308
A,L263,20,1.501
A,S264,20,-0.71
A,M1,30,-0.4
A,N2,30,0.566
A,N3,30,-1.219
A,L4,30,1.61
A,Y5,30,-1.484
A,R6,30,-0.305
A,D7,30,-1.417
A,L8,30,0.52
A,A9,30,-0.004
A,P10,30,-1.024
A,V11,30,1.393
A,T12,30,-0.259
A,E13,30,-0.612
A,A14,30,0.305
A,A15,30,0.311
A,W16,30,-0.027
A,A17,30,0.375
A,E18,30,-0.977
A,I19,30,1.635
A,E20,30,-1.002
A,L21,30,1.422
A,E22,30,-0.899
A,A23,30,0.627
A,A24,30,0.569
A,R25,30,0.265
A,T26,30,-0.213
A,F27,30,0.996
A,K28,30,0.851
A,R29,30,-0.522
A,H30,30,0.612
A,I31,30,1.606
A,A32,30,0.428
A,G33,30,-0.627
A,R34,30,-0.549
A,R35,30,-0.831
A,V36,30,1.311
A,V37,30,1.248
A,D38,30,-0.713
A,V39,30,1.373
A,S40,30,-0.93
A,D41,30,-1.269
A,P42,30,-1.44
A,G43,30,-0.215
A,G44,30,-0.211
A,P45,30,0.59
A,V46,30,1.394
A,T47,30,-0.27
A,A48,30,-0.558
A,A49,30,-0.205
A,V50,30,1.025
A,S51,30,0.46
A,T52,30,-0.566
A,G53,30,-0.442
A,R54,30,1.537
A,L55,30,-0.086
A,I56,30,1.015
A,D57,30,0.283
A,V58,30,1.783
A,K59,30,1.466
A,A60,30,1.03
A,P61,30,-0.116
A,T62,30,0.164
A,N63,30,-1.055
A,G64,30,-0.3
A,V65,30,1.379
A,I66,30,2.493
A,A67,30,0.662
A,H68,30,0.482
A,L69,30,0.48
A,R70,30,-0.746
A,A71,30,-1.391
A,S72,30,0.088
A,K73,30,-1.234
A,P74,30,-1.012
A,L75,30,1.286
A,V76,30,1.227
A,R77,30,-0.165
A,L78,30,1.225
A,R79,30,-0.574
A,V80,30,1.372
A,P81,30,-0.707
A,F82,30,1.155
A,T83,30,-0.289
A,L84,30,1.16
A,S85,30,-0.108
A,R86,30,0.5
A,N87,30,0.46
A,E88,30,-1.757
A,I89,30,1.155
A,D90,30,1.3
A,D91,30,0.666
A,V92,30,1.313
A,E93,30,-1.582
A,R94,30,2.518
A,G95,30,-0.765
A,S96,30,-0.248
A,K97,30,1.653
A,D98,30,-0.204
A,S99,30,-0.251
A,D100,30,-0.299
A,W101,30,1.241
A,E102,30,-1.377
A,P103,30,-0.818
A,V104,30,1.147
A,K105,30,-0.628
A,E106,30,-0.382
A,A107,30,0.858
A,A108,30,0.915
A,K109,30,-1.116
A,K110,30,-0.734
A,L111,30,1.221
A,A112,30,1.199
A,F113,30,0.74
A,V114,30,1.502
A,E115,30,-0.924
A,D116,30,-1.283
A,R117,30,-0.517
A,T118,30,-0.23
A,I119,30,1.422
A,F120,30,1.302
A,E121,30,-0.669
A,G122,30,-0.424
A,Y123,30,-0.251
A,S124,30,-0.292
A,A125,30,0.1
A,A126,30,0.593
A,S127,30,0.095
A,I128,30,1.475
A,E129,30,-1.354
A,G130,30,-0.442
A,I131,30,1.328
A,R132,30,-0.513
A,S133,30,-0.1
A,A134,30,-1.255
A,S135,30,-0.022
A,S136,30,-0.678
A,N137,30,-0.57
A,P138,30,-1.044
A,A139,30,-0.919
A,L140,30,1.179
A,T141,30,-0.64
A,L142,30,1.448
A,P143,30,-1.241
A,E144,30,-0.062
A,D145,30,-0.176
A,P146,30,-1.141
A,R147,30,1.639
A,E148,30,-1.419
A,I149,30,1.421
A,P150,30,-1.196
A,D151,30,0.789
A,V152,30,1.244
A,I153,30,1.691
A,S154,30,-0.458
A,Q155,30,-0.891
A,A156,30,0.798
A,L157,30,1.304
A,S158,30,-0.544
A,E159,30,-1.143
A,L160,30,1.559
A,R161,30,-0.136
A,L162,30,0.372
A,A163,30,0.595
A,G164,30,-0.407
A,V165,30,1.511
A,D166,30,2.131
A,G167,30,-0.731
A,P168,30,0.5
A,Y169,30,0.774
A,S170,30,-0.698
A,V171,30,1.294
A,L172,30,1.385
A,L173,30,1.564
A,S174,30,-0.59
A,A175,30,-0.4
A,D176,30,1.076
A,V177,30,1.249
A,Y178,30,-0.951
A,T179,30,-0.104
A,K180,30,0.242
A,V181,30,1.252
A,S182,30,-0.113
A,E183,30,-0.967
A,T184,30,-0.327
A,S185,30,-0.433
A,D186,30,0.07
A,H187,30,0.053
A,G188,30,-0.082
A,Y189,30,-2.604
A,P190,30,-0.625
A,I191,30,1.065
A,R192,30,-0.609
A,E193,30,-0.959
A,H194,30,-0.448
A,L195,30,1.262
A,N196,30,-0.74
A,R197,30,0.663
A,L198,30,1.39
A,V199,30,1.248
A,D200,30,0.939
A,G201,30,-0.563
A,D202,30,-0.284
A,I203,30,1.334
A,I204,30,1.68
A,W205,30,0.326
A,A206,30,0.211
A,P207,30,-0.556
A,A208,30,0.424
A,I209,30,1.49
A,D210,30,-0.691
A,G211,30,-0.48
A,A212,30,0.5
A,F213,30,1.347
A,V214,30,1.252
A,L215,30,1.373
A,T216,30,-0.406
A,T217,30,-0.264
A,R218,30,2.142
A,G219,30,-0.633
A,G220,30,-0.226
A,D221,30,-1.372
A,F222,30,1.198
A,D223,30,-1.237
A,L224,30,1.423
A,Q225,30,-0.739
A,L226,30,1.257
A,G227,30,0.173
A,T228,30,-0.208
A,D229,30,-0.695
A,V230,30,1.205
A,A231,30,-0.413
A,I232,30,1.324
A,G233,30,-0.431
A,Y234,30,0.896
A,A235,30,-0.017
A,S236,30,-0.566
A,H237,30,-0.352
A,D238,30,-0.22
A,T239,30,1.771
A,D240,30,0.762
A,T241,30,0.835
A,V242,30,1.416
A,R243,30,-0.841
A,L244,30,1.289
A,Y245,30,0.814
A,L246,30,1.264
A,Q247,30,-0.877
A,E248,30,-1.044
A,T249,30,-0.358
A,L250,30,1.301
A,T251,30,-0.201
A,F252,30,1.335
A,L253,30,1.469
A,C254,30,1.542
A,Y255,30,-1.483
A,T256,30,-0.344
A,A257,30,-0.992
A,E258,30,-0.851
A,A259,30,-0.204
A,S260,30,-0.795
A,V261,30,1.278
A,A262,30,0.022
A,L263,30,1.516
A,S264,30,-0.737
A,M1,40,-0.465
A,N2,40,0.435
A,N3,40,-1.163
A,L4,40,1.513
A,Y5,40,-2.538
A,R6,40,-0.502
A,D7,40,-0.939
A,L8,40,0.697
A,A9,40,-0.146
A,P10,40,-1.059
A,V11,40,1.37
A,T12,40,-0.377
A,E13,40,-0.843
A,A14,40,0.313
A,A15,40,0.473
A,W16,40,0.275
A,A17,40,0.632
A,E18,40,-1.209
A,I19,40,1.569
A,E20,40,-1.005
A,L21,40,1.404
A,E22,40,-0.939
A,A23,40,0.57
A,A24,40,0.663
A,R25,40,0.037
A,T26,40,-0.451
A,F27,40,0.968
A,K28,40,0.7
A,R29,40,-0.489
A,H30,40,0.646
A,I31,40,1.507
A,A32,40,0.412
A,G33,40,-0.666
A,R34,40,-0.517
A,R35,40,-0.402
A,V36,40,1.266
A,V37,40,1.617
A,D38,40,-0.672
A,V39,40,1.518
A,S40,40,-1.145
A,D41,40,-1.275
A,P42,40,-1.432
A,G43,40,-0.264
A,G44,40,-0.199
A,P45,40,0.449
A,V46,40,1.454
A,T47,40,-0.467
A,A48,40,0.49
A,A49,40,1.165
A,V50,40,0.831
A,S51,40,0.216
A,T52,40,-0.521
A,G53,40,-0.442
A,R54,40,1.504
A,L55,40,-0.086
A,I56,40,1.128
A,D57,40,1.102
A,V58,40,1.766
A,K59,40,1.496
A,A60,40,1.035
A,P61,40,0.245
A,T62,40,0.446
A,N63,40,-1.016
A,G64,40,-0.558
A,V65,40,1.281
A,I66,40,2.256
A,A67,40,0.628
A,H68,40,1.11
A,L69,40,0.771
A,R70,40,1.313
A,A71,40,0.413
A,S72,40,-0.717
A,K73,40,-1.129
A,P74,40,-1.304
A,L75,40,1.436
A,V76,40,1.228
A,R77,40,-0.236
A,L78,40,1.34
A,R79,40,-0.524
A,V80,40,1.381
A,P81,40,-0.542
A,F82,40,1.213
A,T83,40,-0.319
A,L84,40,1.31
A,S85,40,-0.503
A,R86,40,-0.218
A,N87,40,0.442
A,E88,40,-1.509
A,I89,40,1.297
A,D90,40,0.41
A,D91,40,0.62
A,V92,40,1.343
A,E93,40,-1.677
A,R94,40,1.905
A,G95,40,-0.359
A,S96,40,-0.266
A,K97,40,1.001
A,D98,40,0.499
A,S99,40,0.001
A,D100,40,-0.365
A,W101,40,0.594
A,E102,40,-0.472
A,P103,40,-0.936
A,V104,40,1.166
A,K105,40,-0.778
A,E106,40,0.149
A,A107,40,0.755
A,A108,40,0.97
A,K109,40,-1.128
A,K110,40,-0.754
A,L111,40,1.211
A,A112,40,1.116
A,F113,40,0.536
A,V114,40,1.628
A,E115,40,-0.764
A,D116,40,-1.291
A,R117,40,-0.315
A,T118,40,-0.236
A,I119,40,1.769
A,F120,40,1.196
A,E121,40,-0.729
A,G122,40,-0.45
A,Y123,40,-0.726
A,S124,40,0.12
A,A125,40,-0.028
A,A126,40,0.449
A,S127,40,0.312
A,I128,40,1.463
A,E129,40,-1.337
A,G130,40,-0.561
A,I131,40,1.367
A,R132,40,-0.428
A,S133,40,0.23
A,A134,40,-1.089
A,S135,40,0.071
A,S136,40,-0.725
A,N137,40,-0.269
A,P138,40,-0.724
A,A139,40,-0.992
A,L140,40,1.227
A,T141,40,-0.637
A,L142,40,1.284
A,P143,40,-1.383
A,E144,40,-0.206
A,D145,40,-0.217
A,P146,40,-1.186
A,R147,40,1.445
A,E148,40,-1.679
A,I149,40,1.404
A,P150,40,-1.195
A,D151,40,-0.215
A,V152,40,1.198
A,I153,40,1.358
A,S154,40,-0.448
A,Q155,40,-0.645
A,A156,40,0.816
A,L157,40,1.245
A,S158,40,-0.332
A,E159,40,-0.892
A,L160,40,1.475
A,R161,40,0.995
A,L162,40,-0.06
A,A163,40,0.587
A,G164,40,0.007
A,V165,40,1.13
A,D166,40,2.332
A,G167,40,-0.808
A,P168,40,-0.121
A,Y169,40,0.89
A,S170,40,-0.696
A,V171,40,1.279
A,L172,40,1.373
A,L173,40,1.529
A,S174,40,-0.607
A,A175,40,0.17
A,D176,40,0.71
A,V177,40,1.299
A,Y178,40,-1.341
A,T179,40,-0.096
A,K180,40,1.132
A,V181,40,1.539
A,S182,40,0.018
A,E183,40,-0.704
A,T184,40,-0.326
A,S185,40,0.139
A,D186,40,0.232
A,H187,40,-0.212
A,G188,40,0.107
A,Y189,40,-2.227
A,P190,40,-0.721
A,I191,40,1.506
A,R192,40,-0.651
A,E193,40,-0.983
A,H194,40,-0.439
A,L195,40,1.155
A,N196,40,-1.045
A,R197,40,1.363
A,L198,40,1.073
A,V199,40,1.155
A,D200,40,0.234
A,G201,40,-0.233
A,D202,40,-0.659
A,I203,40,1.428
A,I204,40,1.581
A,W205,40,-1.126
A,A206,40,0.498
A,P207,40,-0.871
A,A208,40,0.34
A,I209,40,1.292
A,D210,40,-0.607
A,G211,40,-0.454
A,A212,40,0.402
A,F213,40,1.221
A,V214,40,1.271
A,L215,40,1.402
A,T216,40,-0.408
A,T217,40,-0.22
A,R218,40,2.431
A,G219,40,-0.792
A,G220,40,-0.313
A,D221,40,-1.39
A,F222,40,1.328
A,D223,40,-1.285
A,L224,40,1.382
A,Q225,40,-0.761
A,L226,40,1.212
A,G227,40,0.18
A,T228,40,-0.226
A,D229,40,-0.949
A,V230,40,1.191
A,A231,40,-0.613
A,I232,40,1.387
A,G233,40,-0.387
A,Y234,40,-0.427
A,A235,40,0.29
A,S236,40,-0.654
A,H237,40,-0.531
A,D238,40,-0.22
A,T239,40,0.726
A,D240,40,1.236
A,T241,40,0.552
A,V242,40,1.377
A,R243,40,-0.925
A,L244,40,1.19
A,Y245,40,0.703
A,L246,40,1.247
A,Q247,40,-0.711
A,E248,40,-1.005
A,T249,40,-0.487
A,L250,40,1.324
A,T251,40,-0.18
A,F252,40,1.317
A,L253,40,1.452
A,C254,40,1.572
A,Y255,40,-0.505
A,T256,40,0.151
A,A257,40,-0.669
A,E258,40,-0.615
A,A259,40,0.127
A,S260,40,-0.73
A,V261,40,1.259
A,A262,40,-0.018
A,L263,40,1.429
A,S264,40,-0.67
A,M1,50,-0.312
A,N2,50,0.108
A,N3,50,0.266
A,L4,50,1.532
A,Y5,50,-1.031
A,R6,50,-0.315
A,D7,50,-0.913
A,L8,50,-0.127
A,A9,50,-0.07
A,P10,50,-1.197
A,V11,50,1.346
A,T12,50,-0.257
A,E13,50,-0.812
A,A14,50,0.346
A,A15,50,0.537
A,W16,50,0.07
A,A17,50,0.417
A,E18,50,-1.179
A,I19,50,1.613
A,E20,50,-1.023
A,L21,50,1.288
A,E22,50,-0.682
A,A23,50,0.555
A,A24,50,0.631
A,R25,50,-0.907
A,T26,50,0.408
A,F27,50,0.92
A,K28,50,-0.593
A,R29,50,-0.556
A,H30,50,0.551
A,I31,50,1.396
A,A32,50,0.485
A,G33,50,-0.626
A,R34,50,-0.392
A,R35,50,-0.4
A,V36,50,1.333
A,V37,50,1.235
A,D38,50,0.4
A,V39,50,1.391
A,S40,50,-1.154
A,D41,50,-0.825
A,P42,50,-1.455
A,G43,50,-0.24
A,G44,50,0.025
A,P45,50,0.647
A,V46,50,0.7
A,T47,50,-0.58
A,A48,50,-0.036
A,A49,50,-0.651
A,V50,50,0.866
A,S51,50,0.381
A,T52,50,-0.236
A,G53,50,-0.307
A,R54,50,1.896
A,L55,50,-0.088
A,I56,50,1.479
A,D57,50,0.334
A,V58,50,1.762
A,K59,50,0.847
A,A60,50,1.056
A,P61,50,0.955
A,T62,50,0.179
A,N63,50,-0.163
A,G64,50,-0.784
A,V65,50,1.262
A,I66,50,2.295
A,A67,50,0.694
A,H68,50,0.406
A,L69,50,0.383
A,R70,50,-0.754
A,A71,50,-0.58
A,S72,50,-0.521
A,K73,50,-1.19
A,P74,50,-1.326
A,L75,50,1.112
A,V76,50,1.263
A,R77,50,-0.08
A,L78,50,1.343
A,R79,50,-0.583
A,V80,50,1.427
A,P81,50,-0.387
A,F82,50,1.08
A,T83,50,-0.134
A,L84,50,1.252
A,S85,50,-0.786
A,R86,50,0.813
A,N87,50,0.845
A,E88,50,-1.383
A,I89,50,1.39
A,D90,50,1.425
A,D91,50,0.908
A,V92,50,1.44
A,E93,50,-1.48
A,R94,50,2.099
A,G95,50,-0.335
A,S96,50,-0.154
A,K97,50,0.816
A,D98,50,0.517
A,S99,50,0.03
A,D100,50,-0.074
A,W101,50,1.156
A,E102,50,1.276
A,P103,50,-0.946
A,V104,50,1.154
A,K105,50,-0.628
A,E106,50,0.052
A,A107,50,0.916
A,A108,50,0.722
A,K109,50,-0.84
A,K110,50,-0.754
A,L111,50,1.147
A,A112,50,1.048
A,F113,50,0.729
A,V114,50,1.58
A,E115,50,-0.766
A,D116,50,-1.284
A,R117,50,-0.294
A,T118,50,-0.215
A,I119,50,1.581
A,F120,50,1.121
A,E121,50,-0.851
A,G122,50,-0.481
A,Y123,50,0.177
A,S124,50,0.002
A,A125,50,-0.133
A,A126,50,0.633
A,S127,50,-0.35
A,I128,50,1.59
A,E129,50,-1.381
A,G130,50,-0.481
A,I131,50,1.367
A,R132,50,-0.488
A,S133,50,-0.085
A,A134,50,-1.309
A,S135,50,0.582
A,S136,50,-0.595
A,N137,50,-0.477
A,P138,50,-0.559
A,A139,50,-1.386
A,L140,50,1.206
A,T141,50,-0.746
A,L142,50,1.32
A,P143,50,-1.348
A,E144,50,-0.119
A,D145,50,-0.038
A,P146,50,-0.366
A,R147,50,1.836
A,E148,50,-1.259
A,I149,50,1.737
A,P150,50,-1.199
A,D151,50,0.523
A,V152,50,1.23
A,I153,50,1.329
A,S154,50,-0.462
A,Q155,50,-0.869
A,A156,50,0.594
A,L157,50,1.45
A,S158,50,-0.327
A,E159,50,-1.124
A,L160,50,1.502
A,R161,50,-0.696
A,L162,50,0.529
A,A163,50,0.832
A,G164,50,-0.685
A,V165,50,1.394
A,D166,50,2.246
A,G167,50,-0.733
A,P168,50,-0.418
A,Y169,50,0.831
A,S170,50,-0.701
A,V171,50,1.304
A,L172,50,1.208
A,L173,50,1.609
A,S174,50,-0.565
A,A175,50,0.28
A,D176,50,-0.03
A,V177,50,1.225
A,Y178,50,-2.183
A,T179,50,-0.104
A,K180,50,-0.4
A,V181,50,1.854
A,S182,50,0.406
A,E183,50,-0.447
A,T184,50,-0.525
A,S185,50,0.173
A,D186,50,0.233
A,H187,50,0.615
A,G188,50,-0.258
A,Y189,50,-1.403
A,P190,50,0.047
A,I191,50,2.06
A,R192,50,-0.996
A,E193,50,-0.874
A,H194,50,-0.474
A,L195,50,1.194
A,N196,50,-0.972
A,R197,50,0.115
A,L198,50,1.173
A,V199,50,1.188
A,D200,50,0.825
A,G201,50,-0.143
A,D202,50,-0.587
A,I203,50,1.704
A,I204,50,1.601
A,W205,50,0.675
A,A206,50,0.417
A,P207,50,0.71
A,A208,50,0.293
A,I209,50,1.302
A,D210,50,-0.819
A,G211,50,-0.449
A,A212,50,0.33
A,F213,50,1.361
A,V214,50,1.24
A,L215,50,1.462
A,T216,50,-0.407
A,T217,50,-0.193
A,R218,50,2.405
A,G219,50,-0.758
A,G220,50,-0.293
A,D221,50,-1.427
A,F222,50,1.247
A,D223,50,-1.321
A,L224,50,1.348
A,Q225,50,-0.744
A,L226,50,1.292
A,G227,50,0.172
A,T228,50,-0.233
A,D229,50,-0.554
A,V230,50,1.254
A,A231,50,-0.743
A,I232,50,1.306
A,G233,50,-0.416
A,Y234,50,0.916
A,A235,50,-0.082
A,S236,50,-0.712
A,H237,50,-0.35
A,D238,50,-0.221
A,T239,50,0.662
A,D240,50,1.162
A,T241,50,0.929
A,V242,50,1.407
A,R243,50,-0.691
A,L244,50,1.241
A,Y245,50,0.747
A,L246,50,1.286
A,Q247,50,-0.789
A,E248,50,-1.027
A,T249,50,-0.409
A,L250,50,1.276
A,T251,50,-0.145
A,F252,50,1.413
A,L253,50,1.489
A,C254,50,1.664
A,Y255,50,-0.571
A,T256,50,-0.05
A,A257,50,-0.934
A,E258,50,-1.065
A,A259,50,0.55
A,S260,50,-0.64
A,V261,50,1.266
A,A262,50,-0.156
A,L263,50,1.469
A,S264,50,-0.637
A,M1,60,-0.317
A,N2,60,0.356
A,N3,60,-1.091
A,L4,60,1.522
A,Y5,60,-0.562
A,R6,60,-0.706
A,D7,60,-0.841
A,L8,60,1.009
A,A9,60,-0.073
A,P10,60,-0.983
A,V11,60,1.366
A,T12,60,-0.185
A,E13,60,-1.085
A,A14,60,0.438
A,A15,60,1.025
A,W16,60,0.322
A,A17,60,0.659
A,E18,60,-1.195
A,I19,60,1.565
A,E20,60,-1.011
A,L21,60,1.442
A,E22,60,-0.641
A,A23,60,0.36
A,A24,60,0.854
A,R25,60,-0.662
A,T26,60,-0.07
A,F27,60,0.911
A,K28,60,-1.418
A,R29,60,-0.635
A,H30,60,0.556
A,I31,60,1.999
A,A32,60,0.583
A,G33,60,-0.624
A,R34,60,-0.337
A,R35,60,-0.319
A,V36,60,1.371
A,V37,60,1.272
A,D38,60,0.142
A,V39,60,1.38
A,S40,60,-1.079
A,D41,60,-1.244
A,P42,60,-1.547
A,G43,60,-0.151
A,G44,60,-0.091
A,P45,60,0.559
A,V46,60,0.556
A,T47,60,-0.523
A,A48,60,0.486
A,A49,60,0.089
A,V50,60,0.915
A,S51,60,0.569
A,T52,60,-0.275
A,G53,60,-0.512
A,R54,60,1.312
A,L55,60,-0.086
A,I56,60,0.904
A,D57,60,0.509
A,V58,60,1.781
A,K59,60,1.568
A,A60,60,1.01
A,P61,60,0.2
A,T62,60,0.449
A,N63,60,-0.881
A,G64,60,-0.648
A,V65,60,1.277
A,I66,60,2.237
A,A67,60,0.645
A,H68,60,-0.479
A,L69,60,0.392
A,R70,60,0.155
A,A71,60,-0.655
A,S72,60,-0.471
A,K73,60,-1.271
A,P74,60,-0.974
A,L75,60,1.39
A,V76,60,1.229
A,R77,60,0.728
A,L78,60,1.318
A,R79,60,-0.315
A,V80,60,1.374
A,P81,60,-0.765
A,F82,60,1.036
A,T83,60,-0.705
A,L84,60,1.305
A,S85,60,-0.265
A,R86,60,0.311
A,N87,60,0.618
A,E88,60,-1.518
A,I89,60,1.28
A,D90,60,1.418
A,D91,60,0.229
A,V92,60,1.315
A,E93,60,-1.568
A,R94,60,2.489
A,G95,60,-0.774
A,S96,60,-0.257
A,K97,60,-0.852
A,D98,60,0.436
A,S99,60,-0.141
A,D100,60,-0.135
A,W101,60,1.021
A,E102,60,-1.139
A,P103,60,-0.026
A,V104,60,1.211
A,K105,60,-0.58
A,E106,60,-0.007
A,A107,60,0.333
A,A108,60,0.273
A,K109,60,-0.926
A,K110,60,-0.853
A,L111,60,1.128
A,A112,60,0.287
A,F113,60,0.247
A,V114,60,1.483
A,E115,60,-0.838
A,D116,60,-1.211
A,R117,60,-0.38
A,T118,60,-0.234
A,I119,60,1.819
A,F120,60,1.287
A,E121,60,-0.772
A,G122,60,-0.428
A,Y123,60,-0.658
A,S124,60,-0.114
A,A125,60,-0.171
A,A126,60,0.666
A,S127,60,0.095
A,I128,60,1.753
A,E129,60,-1.232
A,G130,60,-0.523
A,I131,60,1.758
A,R132,60,-0.026
A,S133,60,0.117
A,A134,60,-1.381
A,S135,60,-0.186
A,S136,60,-0.505
A,N137,60,-0.466
A,P138,60,-0.726
A,A139,60,-1.115
A,L140,60,1.196
A,T141,60,-0.598
A,L142,60,1.342
A,P143,60,-1.219
A,E144,60,0.227
A,D145,60,0.103
A,P146,60,-0.544
A,R147,60,2.193
A,E148,60,-0.527
A,I149,60,1.562
A,P150,60,-1.2
A,D151,60,0.139
A,V152,60,1.344
A,I153,60,1.331
A,S154,60,-0.498
A,Q155,60,-0.866
A,A156,60,0.74
A,L157,60,1.394
A,S158,60,-0.624
A,E159,60,-1.12
A,L160,60,1.287
A,R161,60,0.355
A,L162,60,1.496
A,A163,60,0.817
A,G164,60,-0.647
A,V165,60,1.438
A,D166,60,1.523
A,G167,60,-0.623
A,P168,60,0.015
A,Y169,60,0.781
A,S170,60,-0.591
A,V171,60,1.288
A,L172,60,1.341
A,L173,60,1.559
A,S174,60,-0.622
A,A175,60,0.317
A,D176,60,1.091
A,V177,60,1.667
A,Y178,60,-2.759
A,T179,60,0.127
A,K180,60,1.575
A,V181,60,1.786
A,S182,60,-0.009
A,E183,60,0.413
A,T184,60,-0.01
A,S185,60,-0.211
A,D186,60,0.232
A,H187,60,0.431
A,G188,60,-0.368
A,Y189,60,-2.108
A,P190,60,-0.326
A,I191,60,1.891
A,R192,60,-0.718
A,E193,60,-0.85
A,H194,60,-0.444
A,L195,60,1.178
A,N196,60,-0.593
A,R197,60,0.202
A,L198,60,1.246
A,V199,60,1.19
A,D200,60,-0.199
A,G201,60,-0.277
A,D202,60,-0.025
A,I203,60,1.517
A,I204,60,1.697
A,W205,60,0.363
A,A206,60,0.516
A,P207,60,-0.653
A,A208,60,0.321
A,I209,60,1.427
A,D210,60,-0.584
A,G211,60,-0.489
A,A212,60,0.214
A,F213,60,1.357
A,V214,60,1.258
A,L215,60,1.478
A,T216,60,-0.403
A,T217,60,-0.309
A,R218,60,1.761
A,G219,60,-0.505
A,G220,60,-0.366
A,D221,60,-1.105
A,F222,60,1.297
A,D223,60,-1.179
A,L224,60,1.419
A,Q225,60,-0.779
A,L226,60,1.289
A,G227,60,0.109
A,T228,60,-0.204
A,D229,60,-0.891
A,V230,60,1.214
A,A231,60,-0.151
A,I232,60,1.383
A,G233,60,-0.443
A,Y234,60,0.542
A,A235,60,0.386
A,S236,60,-0.567
A,H237,60,-0.405
A,D238,60,-0.212
A,T239,60,0.644
A,D240,60,1.006
A,T241,60,0.274
A,V242,60,1.432
A,R243,60,-0.866
A,L244,60,1.205
A,Y245,60,0.643
A,L246,60,1.236
A,Q247,60,-0.704
A,E248,60,-1.034
A,T249,60,-0.38
A,L250,60,1.342
A,T251,60,-0.134
A,F252,60,1.404
A,L253,60,1.418
A,C254,60,1.47
A,Y255,60,-0.683
A,T256,60,-0.048
A,A257,60,-1.22
A,E258,60,-1.016
A,A259,60,0.525
A,S260,60,-0.78
A,V261,60,1.316
A,A262,60,-0.335
A,L263,60,1.501
A,S264,60,-0.491
A,M1,70,-0.001
A,N2,70,0.567
A,N3,70,0.155
A,L4,70,1.613
A,Y5,70,-0.649
A,R6,70,-0.326
A,D7,70,-1.071
A,L8,70,-0.144
A,A9,70,-0.168
A,P10,70,-1.064
A,V11,70,1.381
A,T12,70,-0.569
A,E13,70,-0.784
A,A14,70,0.3
A,A15,70,0.421
A,W16,70,0.244
A,A17,70,0.617
A,E18,70,-1.178
A,I19,70,1.637
A,E20,70,-1.018
A,L21,70,1.118
A,E22,70,-0.999
A,A23,70,0.649
A,A24,70,0.86
A,R25,70,0.009
A,T26,70,-0.135
A,F27,70,0.865
A,K28,70,0.351
A,R29,70,-0.856
A,H30,70,0.657
A,I31,70,1.918
A,A32,70,-0.095
A,G33,70,-0.581
A,R34,70,-0.244
A,R35,70,0.046
A,V36,70,1.326
A,V37,70,1.155
A,D38,70,1.181
A,V39,70,1.348
A,S40,70,-0.529
A,D41,70,-1.143
A,P42,70,-0.885
A,G43,70,-0.313
A,G44,70,-0.226
A,P45,70,0.338
A,V46,70,1.094
A,T47,70,-0.05
A,A48,70,-0.048
A,A49,70,-0.775
A,V50,70,0.949
A,S51,70,0.366
A,T52,70,-0.016
A,G53,70,-0.372
A,R54,70,-0.438
A,L55,70,0.192
A,I56,70,0.942
A,D57,70,2.057
A,V58,70,1.784
A,K59,70,1.331
A,A60,70,0.933
A,P61,70,0.745
A,T62,70,0.445
A,N63,70,-0.539
A,G64,70,-0.661
A,V65,70,0.628
A,I66,70,1.571
A,A67,70,0.621
A,H68,70,-0.723
A,L69,70,0.168
A,R70,70,1.15
A,A71,70,-1.618
A,S72,70,-0.734
A,K73,70,-1.101
A,P74,70,-1.168
A,L75,70,1.265
A,V76,70,1.641
A,R77,70,-0.477
A,L78,70,1.387
A,R79,70,-0.012
A,V80,70,1.324
A,P81,70,-0.65
A,F82,70,1.2
A,T83,70,0.046
A,L84,70,1.225
A,S85,70,-0.37
A,R86,70,-0.099
A,N87,70,0.734
A,E88,70,-1.615
A,I89,70,1.529
A,D90,70,1.422
A,D91,70,0.971
A,V92,70,1.104
A,E93,70,-1.845
A,R94,70,2.069
A,G95,70,-0.529
A,S96,70,0.322
A,K97,70,0.59
A,D98,70,0.436
A,S99,70,-0.095
A,D100,70,-0.369
A,W101,70,1.165
A,E102,70,-0.378
A,P103,70,-0.994
A,V104,70,1.141
A,K105,70,-1.101
A,E106,70,-0.114
A,A107,70,0.655
A,A108,70,0.636
A,K109,70,-1.243
A,K110,70,-0.9
A,L111,70,1.15
A,A112,70,0.72
A,F113,70,-0.155
A,V114,70,1.459
A,E115,70,-0.668
A,D116,70,-1.141
A,R117,70,-0.271
A,T118,70,-0.042
A,I119,70,1.356
A,F120,70,1.342
A,E121,70,-0.603
A,G122,70,-0.394
A,Y123,70,-0.321
A,S124,70,0.145
A,A125,70,-0.203
A,A126,70,0.687
A,S127,70,0.415
A,I128,70,1.781
A,E129,70,-1.146
A,G130,70,-0.4
A,I131,70,1.436
A,R132,70,-0.419
A,S133,70,-0.023
A,A134,70,-1.266
A,S135,70,0.164
A,S136,70,-0.609
A,N137,70,-0.628
A,P138,70,-0.878
A,A139,70,-1.247
A,L140,70,1.217
A,T141,70,-0.667
A,L142,70,1.276
A,P143,70,-1.321
A,E144,70,-0.245
A,D145,70,-0.527
A,P146,70,-0.399
A,R147,70,1.905
A,E148,70,-1.349
A,I149,70,1.822
A,P150,70,-1.15
A,D151,70,0.557
A,V152,70,1.216
A,I153,70,1.309
A,S154,70,-0.438
A,Q155,70,-0.828
A,A156,70,0.835
A,L157,70,1.377
A,S158,70,-0.529
A,E159,70,-1.133
A,L160,70,1.503
A,R161,70,-0.06
A,L162,70,-0.068
A,A163,70,1.144
A,G164,70,-0.166
A,V165,70,1.596
A,D166,70,2.221
A,G167,70,-0.807
A,P168,70,-1.789
A,Y169,70,0.836
A,S170,70,-0.608
A,V171,70,1.315
A,L172,70,1.371
A,L173,70,1.464
A,S174,70,-0.327
A,A175,70,0.056
A,D176,70,0.064
A,V177,70,1.446
A,Y178,70,-2.727
A,T179,70,-0.054
A,K180,70,0.052
A,V181,70,1.823
A,S182,70,0.107
A,E183,70,0.458
A,T184,70,-0.741
A,S185,70,0.186
A,D186,70,0.224
A,H187,70,0.178
A,G188,70,-0.079
A,Y189,70,-1.455
A,P190,70,-2.06
A,I191,70,1.633
A,R192,70,-0.742
A,E193,70,-0.975
A,H194,70,-0.405
A,L195,70,1.2
A,N196,70,-0.914
A,R197,70,0.038
A,L198,70,1.161
A,V199,70,1.186
A,D200,70,0.175
A,G201,70,-0.254
A,D202,70,-0.476
A,I203,70,1.451
A,I204,70,1.739
A,W205,70,-0.788
A,A206,70,0.529
A,P207,70,-0.477
A,A208,70,0.375
A,I209,70,1.465
A,D210,70,-0.724
A,G211,70,-0.514
A,A212,70,0.137
A,F213,70,1.361
A,V214,70,1.247
A,L215,70,1.496
A,T216,70,-0.41
A,T217,70,-0.136
A,R218,70,2.427
A,G219,70,0.226
A,G220,70,0.131
A,D221,70,-1.049
A,F222,70,1.471
A,D223,70,-1.305
A,L224,70,1.392
A,Q225,70,-0.709
A,L226,70,1.265
A,G227,70,0.083
A,T228,70,-0.024
A,D229,70,-0.682
A,V230,70,1.269
A,A231,70,-1.127
A,I232,70,1.313
A,G233,70,-0.347
A,Y234,70,0.923
A,A235,70,0.017
A,S236,70,-0.873
A,H237,70,-0.373
A,D238,70,-0.22
A,T239,70,1.101
A,D240,70,1.199
A,T241,70,0.955
A,V242,70,1.499
A,R243,70,-0.828
A,L244,70,1.245
A,Y245,70,0.819
A,L246,70,1.257
A,Q247,70,-0.838
A,E248,70,-0.889
A,T249,70,-0.269
A,L250,70,1.269
A,T251,70,-0.179
A,F252,70,1.385
A,L253,70,1.299
A,C254,70,1.295
A,Y255,70,0.044
A,T256,70,0.141
A,A257,70,-0.855
A,E258,70,-1.241
A,A259,70,0.529
A,S260,70,-0.77
A,V261,70,1.289
A,A262,70,-0.229
A,L263,70,1.474
A,S264,70,-0.495
A,M1,80,0.079
A,N2,80,-0.804
A,N3,80,-1.117
A,L4,80,1.221
A,Y5,80,-1.239
A,R6,80,-0.377
A,D7,80,-1.665
A,L8,80,0.264
A,A9,80,-0.06
A,P10,80,-0.311
A,V11,80,1.358
A,T12,80,-0.549
A,E13,80,-0.804
A,A14,80,0.3
A,A15,80,0.206
A,W16,80,-0.781
A,A17,80,0.61
A,E18,80,-0.986
A,I19,80,1.621
A,E20,80,-1.015
A,L21,80,1.299
A,E22,80,-0.385
A,A23,80,0.251
A,A24,80,0.844
A,R25,80,-0.232
A,T26,80,-0.102
A,F27,80,-0.165
A,K28,80,0.332
A,R29,80,-0.544
A,H30,80,0.526
A,I31,80,2.115
A,A32,80,-0.378
A,G33,80,-0.623
A,R34,80,-0.148
A,R35,80,-0.311
A,V36,80,1.349
A,V37,80,1.432
A,D38,80,0.256
A,V39,80,1.823
A,S40,80,-0.854
A,D41,80,-1.312
A,P42,80,-1.491
A,G43,80,-0.145
A,G44,80,-0.233
A,P45,80,-0.562
A,V46,80,0.767
A,T47,80,-0.208
A,A48,80,0.463
A,A49,80,-0.62
A,V50,80,1.136
A,S51,80,0.342
A,T52,80,-0.269
A,G53,80,-0.04
A,R54,80,1.306
A,L55,80,0.198
A,I56,80,1.208
A,D57,80,0.331
A,V58,80,2.447
A,K59,80,1.012
A,A60,80,1.063
A,P61,80,0.207
A,T62,80,0.445
A,N63,80,-1.073
A,G64,80,-0.648
A,V65,80,1.274
A,I66,80,2.235
A,A67,80,0.389
A,H68,80,0.652
A,L69,80,0.5
A,R70,80,-0.676
A,A71,80,-1.179
A,S72,80,-0.07
A,K73,80,-1.151
A,P74,80,-1.253
A,L75,80,1.342
A,V76,80,1.239
A,R77,80,-0.664
A,L78,80,1.322
A,R79,80,-0.357
A,V80,80,1.368
A,P81,80,-1.174
A,F82,80,1.223
A,T83,80,-0.626
A,L84,80,1.296
A,S85,80,-0.232
A,R86,80,1.171
A,N87,80,0.891
A,E88,80,-0.692
A,I89,80,1.755
A,D90,80,1.503
A,D91,80,0.853
A,V92,80,1.228
A,E93,80,-1.521
A,R94,80,1.911
A,G95,80,-0.356
A,S96,80,0.093
A,K97,80,1.855
A,D98,80,0.437
A,S99,80,-0.1
A,D100,80,-0.653
A,W101,80,0.892
A,E102,80,0.338
A,P103,80,-1.001
A,V104,80,1.153
A,K105,80,-0.753
A,E106,80,0.084
A,A107,80,0.661
A,A108,80,0.497
A,K109,80,-1.217
A,K110,80,-0.841
A,L111,80,1.116
A,A112,80,-0.02
A,F113,80,0.152
A,V114,80,1.539
A,E115,80,-0.92
A,D116,80,-1.162
A,R117,80,-0.509
A,T118,80,-0.234
A,I119,80,1.626
A,F120,80,1.284
A,E121,80,-0.769
A,G122,80,-0.428
A,Y123,80,-0.063
A,S124,80,-0.284
A,A125,80,0.144
A,A126,80,0.595
A,S127,80,0.34
A,I128,80,1.458
A,E129,80,-1.222
A,G130,80,-0.537
A,I131,80,1.444
A,R132,80,-0.471
A,S133,80,-0.035
A,A134,80,-0.572
A,S135,80,0.157
A,S136,80,-0.596
A,N137,80,-0.482
A,P138,80,-0.909
A,A139,80,-0.965
A,L140,80,1.209
A,T141,80,-0.784
A,L142,80,1.342
A,P143,80,-1.264
A,E144,80,-0.008
A,D145,80,-0.338
A,P146,80,-0.709
A,R147,80,1.818
A,E148,80,-1.388
A,I149,80,1.38
A,P150,80,-1.19
A,D151,80,0.086
A,V152,80,1.247
A,I153,80,1.392
A,S154,80,-0.448
A,Q155,80,-0.841
A,A156,80,0.825
A,L157,80,1.351
A,S158,80,-0.531
A,E159,80,-1.114
A,L160,80,1.508
A,R161,80,-0.685
A,L162,80,-0.075
A,A163,80,0.727
A,G164,80,-0.385
A,V165,80,1.607
A,D166,80,1.799
A,G167,80,-0.803
A,P168,80,-0.01
A,Y169,80,0.864
A,S170,80,-0.547
A,V171,80,1.3
A,L172,80,1.411
A,L173,80,1.594
A,S174,80,-0.37
A,A175,80,0.103
A,D176,80,0.847
A,V177,80,1.356
A,Y178,80,-1.183
A,T179,80,-0.045
A,K180,80,0.614
A,V181,80,1.18
A,S182,80,0.047
A,E183,80,-0.209
A,T184,80,-0.284
A,S185,80,0.61
A,D186,80,0.458
A,H187,80,0.666
A,G188,80,-0.11
A,Y189,80,-2.16
A,P190,80,0.176
A,I191,80,1.724
A,R192,80,-0.695
A,E193,80,-1.068
A,H194,80,-0.448
A,L195,80,1.187
A,N196,80,-1.008
A,R197,80,-0.079
A,L198,80,1.149
A,V199,80,1.209
A,D200,80,0.915
A,G201,80,-0.281
A,D202,80,-0.426
A,I203,80,1.448
A,I204,80,1.484
A,W205,80,-0.04
A,A206,80,0.02
A,P207,80,-0.087
A,A208,80,0.391
A,I209,80,1.49
A,D210,80,-0.717
A,G211,80,-0.559
A,A212,80,0.635
A,F213,80,1.434
A,V214,80,1.259
A,L215,80,1.495
A,T216,80,-0.332
A,T217,80,-0.233
A,R218,80,1.005
A,G219,80,0.156
A,G220,80,-0.009
A,D221,80,-1.379
A,F222,80,1.174
A,D223,80,-1.158
A,L224,80,1.43
A,Q225,80,-0.706
A,L226,80,1.299
A,G227,80,0.18
A,T228,80,-0.26
A,D229,80,-0.883
A,V230,80,1.052
A,A231,80,0.006
A,I232,80,1.366
A,G233,80,-0.492
A,Y234,80,0.856
A,A235,80,0.256
A,S236,80,-0.553
A,H237,80,-0.154
A,D238,80,0.228
A,T239,80,0.503
A,D240,80,1.23
A,T241,80,0.057
A,V242,80,1.406
A,R243,80,-0.8
A,L244,80,1.276
A,Y245,80,0.741
A,L246,80,1.293
A,Q247,80,-0.704
A,E248,80,-0.962
A,T249,80,-0.362
A,L250,80,1.273
A,T251,80,-0.104
A,F252,80,1.335
A,L253,80,1.067
A,C254,80,1.414
A,Y255,80,-2.306
A,T256,80,0.134
A,A257,80,-0.865
A,E258,80,-1.378
A,A259,80,0.518
A,S260,80,-0.807
A,V261,80,1.291
A,A262,80,-0.265
A,L263,80,1.458
A,S264,80,-0.557
A,M1,90,0.743
A,N2,90,-0.39
A,N3,90,-1.079
A,L4,90,1.111
A,Y5,90,-0.344
A,R6,90,-0.479
A,D7,90,-1.337
A,L8,90,-0.223
A,A9,90,-0.134
A,P10,90,-1.317
A,V11,90,1.357
A,T12,90,-0.531
A,E13,90,-0.783
A,A14,90,0.318
A,A15,90,-0.211
A,W16,90,-0.046
A,A17,90,0.4
A,E18,90,-1.035
A,I19,90,1.599
A,E20,90,-1.0
A,L21,90,1.391
A,E22,90,-0.377
A,A23,90,0.706
A,A24,90,0.774
A,R25,90,0.231
A,T26,90,-0.068
A,F27,90,0.319
A,K28,90,-0.562
A,R29,90,-0.521
A,H30,90,0.724
A,I31,90,1.396
A,A32,90,0.561
A,G33,90,-0.592
A,R34,90,-0.559
A,R35,90,0.02
A,V36,90,1.328
A,V37,90,1.494
A,D38,90,0.714
A,V39,90,1.305
A,S40,90,-0.497
A,D41,90,-0.87
A,P42,90,-1.32
A,G43,90,-0.205
A,G44,90,-0.155
A,P45,90,0.328
A,V46,90,1.13
A,T47,90,-0.311
A,A48,90,0.413
A,A49,90,-0.589
A,V50,90,1.149
A,S51,90,0.28
A,T52,90,-0.268
A,G53,90,-0.358
A,R54,90,0.097
A,L55,90,0.143
A,I56,90,1.47
A,D57,90,1.936
A,V58,90,1.501
A,K59,90,2.099
A,A60,90,0.108
A,P61,90,-1.054
A,T62,90,0.201
A,N63,90,-1.063
A,G64,90,-0.334
A,V65,90,0.329
A,I66,90,0.513
A,A67,90,-0.146
A,H68,90,0.286
A,L69,90,0.783
A,R70,90,0.699
A,A71,90,-1.371
A,S72,90,-0.569
A,K73,90,-1.267
A,P74,90,-1.162
A,L75,90,1.401
A,V76,90,1.388
A,R77,90,0.011
A,L78,90,1.344
A,R79,90,-0.436
A,V80,90,1.397
A,P81,90,-0.597
A,F82,90,1.194
A,T83,90,-0.225
A,L84,90,1.35
A,S85,90,-0.125
A,R86,90,1.273
A,N87,90,0.845
A,E88,90,-0.973
A,I89,90,1.823
A,D90,90,1.219
A,D91,90,0.404
A,V92,90,1.45
A,E93,90,-1.184
A,R94,90,2.337
A,G95,90,-0.492
A,S96,90,0.073
A,K97,90,1.89
A,D98,90,0.239
A,S99,90,-0.794
A,D100,90,-0.172
A,W101,90,-0.651
A,E102,90,-0.97
A,P103,90,-0.919
A,V104,90,1.12
A,K105,90,-0.8
A,E106,90,-0.461
A,A107,90,0.674
A,A108,90,0.867
A,K109,90,-1.298
A,K110,90,-0.912
A,L111,90,1.113
A,A112,90,0.681
A,F113,90,0.124
A,V114,90,1.37
A,E115,90,-1.094
A,D116,90,-1.142
A,R117,90,-0.62
A,T118,90,-0.144
A,I119,90,1.631
A,F120,90,1.304
A,E121,90,-0.71
A,G122,90,-0.32
A,Y123,90,-0.281
A,S124,90,0.11
A,A125,90,-0.375
A,A126,90,0.735
A,S127,90,0.166
A,I128,90,1.796
A,E129,90,-1.339
A,G130,90,-0.453
A,I131,90,1.435
A,R132,90,-0.448
A,S133,90,0.024
A,A134,90,-0.887
A,S135,90,-0.172
A,S136,90,-0.572
A,N137,90,-0.425
A,P138,90,-0.816
A,A139,90,-1.284
A,L140,90,1.551
A,T141,90,-0.826
A,L142,90,1.363
A,P143,90,-1.373
A,E144,90,-0.605
A,D145,90,-0.379
A,P146,90,-1.09
A,R147,90,1.905
A,E148,90,-1.815
A,I149,90,1.381
A,P150,90,-1.147
A,D151,90,-0.313
A,V152,90,1.235
A,I153,90,1.386
A,S154,90,-0.511
A,Q155,90,-0.758
A,A156,90,0.721
A,L157,90,1.585
A,S158,90,-0.442
A,E159,90,-0.824
A,L160,90,1.457
A,R161,90,-0.131
A,L162,90,-0.133
A,A163,90,0.567
A,G164,90,-0.692
A,V165,90,1.799
A,D166,90,2.461
A,G167,90,-0.808
A,P168,90,0.234
A,Y169,90,0.82
A,S170,90,-0.58
A,V171,90,1.323
A,L172,90,1.345
A,L173,90,1.548
A,S174,90,-0.446
A,A175,90,0.27
A,D176,90,-0.122
A,V177,90,1.391
A,Y178,90,-1.916
A,T179,90,-0.34
A,K180,90,0.292
A,V181,90,1.421
A,S182,90,0.047
A,E183,90,-0.197
A,T184,90,-0.427
A,S185,90,-0.073
A,D186,90,0.23
A,H187,90,0.201
A,G188,90,-0.364
A,Y189,90,-2.488
A,P190,90,-1.176
A,I191,90,1.123
A,R192,90,-0.667
A,E193,90,-1.037
A,H194,90,-0.425
A,L195,90,1.156
A,N196,90,-1.116
A,R197,90,0.201
A,L198,90,1.102
A,V199,90,1.167
A,D200,90,0.863
A,G201,90,-0.304
A,D202,90,-0.671
A,I203,90,1.34
A,I204,90,1.762
A,W205,90,-0.074
A,A206,90,0.475
A,P207,90,-1.367
A,A208,90,0.362
A,I209,90,1.407
A,D210,90,-0.67
A,G211,90,-0.538
A,A212,90,0.251
A,F213,90,1.372
A,V214,90,1.22
A,L215,90,1.493
A,T216,90,-0.389
A,T217,90,-0.19
A,R218,90,2.28
A,G219,90,0.135
A,G220,90,0.229
A,D221,90,-1.399
A,F222,90,1.273
A,D223,90,-1.368
A,L224,90,1.434
A,Q225,90,-0.726
A,L226,90,1.594
A,G227,90,0.182
A,T228,90,-0.231
A,D229,90,0.211
A,V230,90,1.237
A,A231,90,-0.686
A,I232,90,1.302
A,G233,90,-0.491
A,Y234,90,0.919
A,A235,90,0.097
A,S236,90,-0.349
A,H237,90,-0.21
A,D238,90,1.417
A,T239,90,0.339
A,D240,90,1.244
A,T241,90,0.279
A,V242,90,1.482
A,R243,90,-0.019
A,L244,90,1.259
A,Y245,90,0.717
A,L246,90,1.333
A,Q247,90,-0.71
A,E248,90,-1.107
A,T249,90,-0.263
A,L250,90,1.294
A,T251,90,-0.159
A,F252,90,0.849
A,L253,90,1.341
A,C254,90,1.392
A,Y255,90,-0.617
A,T256,90,-0.144
A,A257,90,-0.963
A,E258,90,-1.269
A,A259,90,0.482
A,S260,90,-0.784
A,V261,90,1.304
A,A262,90,-0.267
A,L263,90,1.457
A,S264,90,-0.571
A,M1,100,0.6
A,N2,100,-0.784
A,N3,100,-1.0
A,L4,100,1.144
A,Y5,100,-1.31
A,R6,100,-0.689
A,D7,100,-0.874
A,L8,100,-0.019
A,A9,100,-0.072
A,P10,100,-1.036
A,V11,100,1.409
A,T12,100,-0.338
A,E13,100,-1.104
A,A14,100,0.232
A,A15,100,0.104
A,W16,100,0.214
A,A17,100,0.386
A,E18,100,-0.919
A,I19,100,1.601
A,E20,100,-1.01
A,L21,100,1.332
A,E22,100,-0.936
A,A23,100,0.7
A,A24,100,0.911
A,R25,100,-0.211
A,T26,100,-0.289
A,F27,100,0.879
A,K28,100,-1.2
A,R29,100,-0.458
A,H30,100,0.712
A,I31,100,1.391
A,A32,100,-0.139
A,G33,100,-0.568
A,R34,100,0.369
A,R35,100,0.113
A,V36,100,1.403
A,V37,100,1.297
A,D38,100,0.993
A,V39,100,1.295
A,S40,100,-0.801
A,D41,100,-1.169
A,P42,100,-1.696
A,G43,100,-0.235
A,G44,100,0.077
A,P45,100,-0.275
A,V46,100,0.941
A,T47,100,-0.175
A,A48,100,0.544
A,A49,100,1.236
A,V50,100,0.976
A,S51,100,0.088
A,T52,100,-0.387
A,G53,100,-0.686
A,R54,100,1.494
A,L55,100,-0.087
A,I56,100,0.933
A,D57,100,2.123
A,V58,100,1.019
A,K59,100,1.739
A,A60,100,-0.279
A,P61,100,0.516
A,T62,100,0.465
A,N63,100,-0.799
A,G64,100,-0.63
A,V65,100,0.171
A,I66,100,2.236
A,A67,100,-0.918
A,H68,100,-0.091
A,L69,100,0.666
A,R70,100,1.356
A,A71,100,-1.333
A,S72,100,-0.677
A,K73,100,-1.166
A,P74,100,-1.158
A,L75,100,1.425
A,V76,100,1.284
A,R77,100,-0.106
A,L78,100,1.329
A,R79,100,-0.607
A,V80,100,1.809
A,P81,100,-0.867
A,F82,100,1.025
A,T83,100,-0.666
A,L84,100,1.225
A,S85,100,-0.235
A,R86,100,1.008
A,N87,100,0.544
A,E88,100,-0.813
A,I89,100,1.249
A,D90,100,1.434
A,D91,100,0.569
A,V92,100,1.423
A,E93,100,-1.87
A,R94,100,2.179
A,G95,100,-0.44
A,S96,100,0.05
A,K97,100,1.239
A,D98,100,0.534
A,S99,100,-0.665
A,D100,100,-0.556
A,W101,100,1.269
A,E102,100,-0.824
A,P103,100,-0.802
A,V104,100,1.155
A,K105,100,-1.033
A,E106,100,-0.057
A,A107,100,0.976
A,A108,100,0.846
A,K109,100,-1.309
A,K110,100,-0.931
A,L111,100,1.277
A,A112,100,0.804
A,F113,100,-0.657
A,V114,100,1.797
A,E115,100,-0.61
A,D116,100,-0.882
A,R117,100,-0.025
A,T118,100,-0.197
A,I119,100,1.402
A,F120,100,1.391
A,E121,100,-0.711
A,G122,100,-0.429
A,Y123,100,0.073
A,S124,100,-0.184
A,A125,100,-0.033
A,A126,100,0.47
A,S127,100,-0.094
A,I128,100,1.597
A,E129,100,-1.397
A,G130,100,-0.491
A,I131,100,1.41
A,R132,100,-0.433
A,S133,100,-0.07
A,A134,100,-1.331
A,S135,100,0.244
A,S136,100,-0.628
A,N137,100,-0.465
A,P138,100,-1.08
A,A139,100,-1.385
A,L140,100,1.268
A,T141,100,-0.638
A,L142,100,1.286
A,P143,100,-1.403
A,E144,100,-0.755
A,D145,100,-0.098
A,P146,100,-1.103
A,R147,100,1.296
A,E148,100,-1.563
A,I149,100,1.371
A,P150,100,-1.202
A,D151,100,-0.308
A,V152,100,1.183
A,I153,100,1.451
A,S154,100,-0.525
A,Q155,100,-0.746
A,A156,100,0.617
A,L157,100,1.329
A,S158,100,-0.453
A,E159,100,-1.112
A,L160,100,1.568
A,R161,100,-0.633
A,L162,100,-0.068
A,A163,100,1.025
A,G164,100,-0.495
A,V165,100,1.424
A,D166,100,2.341
A,G167,100,-0.82
A,P168,100,0.251
A,Y169,100,0.876
A,S170,100,-0.549
A,V171,100,1.293
A,L172,100,1.304
A,L173,100,1.57
A,S174,100,-0.6
A,A175,100,0.438
A,D176,100,0.39
A,V177,100,1.453
A,Y178,100,-0.896
A,T179,100,-0.277
A,K180,100,0.371
A,V181,100,1.565
A,S182,100,0.03
A,E183,100,-0.886
A,T184,100,-0.256
A,S185,100,0.26
A,D186,100,-0.793
A,H187,100,0.334
A,G188,100,-0.283
A,Y189,100,-1.56
A,P190,100,0.212
A,I191,100,1.057
A,R192,100,-0.699
A,E193,100,-0.981
A,H194,100,-0.392
A,L195,100,1.159
A,N196,100,-0.937
A,R197,100,0.581
A,L198,100,1.193
A,V199,100,1.218
A,D200,100,0.121
A,G201,100,-0.237
A,D202,100,-0.517
A,I203,100,1.376
A,I204,100,1.516
A,W205,100,0.863
A,A206,100,0.084
A,P207,100,-1.422
A,A208,100,-0.097
A,I209,100,1.59
A,D210,100,-0.686
A,G211,100,-0.588
A,A212,100,0.515
A,F213,100,1.404
A,V214,100,1.282
A,L215,100,1.473
A,T216,100,-0.306
A,T217,100,-0.227
A,R218,100,1.89
A,G219,100,-0.597
A,G220,100,-0.462
A,D221,100,-1.347
A,F222,100,1.282
A,D223,100,-1.295
A,L224,100,1.454
A,Q225,100,-0.701
A,L226,100,1.333
A,G227,100,0.068
A,T228,100,-0.207
A,D229,100,-1.186
A,V230,100,1.237
A,A231,100,-0.544
A,I232,100,1.286
A,G233,100,-0.49
A,Y234,100,0.922
A,A235,100,-0.114
A,S236,100,-0.15
A,H237,100,-0.402
A,D238,100,0.65
A,T239,100,0.339
A,D240,100,1.054
A,T241,100,0.155
A,V242,100,1.424
A,R243,100,-0.529
A,L244,100,1.257
A,Y245,100,0.825
A,L246,100,1.375
A,Q247,100,-0.806
A,E248,100,-1.045
A,T249,100,-0.235
A,L250,100,1.506
A,T251,100,-0.138
A,F252,100,1.355
A,L253,100,1.402
A,C254,100,1.596
A,Y255,100,-0.5
A,T256,100,0.454
A,A257,100,-1.018
A,E258,100,-0.649
A,A259,100,0.164
A,S260,100,-0.792
A,V261,100,1.221
A,A262,100,0.06
A,L263,100,1.467
A,S264,100,-0.728
A,M1,110,0.592
A,N2,110,-0.613
A,N3,110,-0.417
A,L4,110,1.199
A,Y5,110,-1.01
A,R6,110,-0.44
A,D7,110,-1.324
A,L8,110,-0.212
A,A9,110,-0.224
A,P10,110,-0.695
A,V11,110,1.397
A,T12,110,-0.64
A,E13,110,-0.551
A,A14,110,0.016
A,A15,110,0.457
A,W16,110,-0.442
A,A17,110,0.365
A,E18,110,-0.73
A,I19,110,1.603
A,E20,110,-0.983
A,L21,110,1.079
A,E22,110,-0.51
A,A23,110,0.406
A,A24,110,0.592
A,R25,110,-0.266
A,T26,110,-0.162
A,F27,110,0.915
A,K28,110,-1.297
A,R29,110,-0.672
A,H30,110,0.539
A,I31,110,0.168
A,A32,110,0.339
A,G33,110,-0.692
A,R34,110,-0.017
A,R35,110,-0.422
A,V36,110,1.323
A,V37,110,1.58
A,D38,110,-0.036
A,V39,110,1.466
A,S40,110,-0.537
A,D41,110,-0.759
A,P42,110,-1.141
A,G43,110,-0.187
A,G44,110,-0.196
A,P45,110,0.969
A,V46,110,0.566
A,T47,110,-0.218
A,A48,110,0.441
A,A49,110,0.669
A,V50,110,1.139
A,S51,110,0.415
A,T52,110,-0.3
A,G53,110,-0.657
A,R54,110,0.979
A,L55,110,-0.425
A,I56,110,0.721
A,D57,110,0.444
A,V58,110,1.655
A,K59,110,1.882
A,A60,110,0.058
A,P61,110,0.935
A,T62,110,0.145
A,N63,110,-0.079
A,G64,110,-0.603
A,V65,110,0.216
A,I66,110,2.206
A,A67,110,0.597
A,H68,110,-0.729
A,L69,110,0.41
A,R70,110,-0.288
A,A71,110,-1.267
A,S72,110,-0.705
A,K73,110,-1.259
A,P74,110,-1.117
A,L75,110,1.353
A,V76,110,1.487
A,R77,110,-0.553
A,L78,110,1.346
A,R79,110,-0.266
A,V80,110,1.397
A,P81,110,-1.265
A,F82,110,1.151
A,T83,110,-0.663
A,L84,110,1.298
A,S85,110,-0.288
A,R86,110,-0.032
A,N87,110,0.813
A,E88,110,-1.107
A,I89,110,1.79
A,D90,110,1.255
A,D91,110,0.92
A,V92,110,1.153
A,E93,110,-1.75
A,R94,110,2.089
A,G95,110,-0.444
A,S96,110,-0.124
A,K97,110,1.577
A,D98,110,0.407
A,S99,110,-0.211
A,D100,110,-0.491
A,W101,110,1.216
A,E102,110,-0.374
A,P103,110,-0.979
A,V104,110,1.181
A,K105,110,-0.7
A,E106,110,-0.184
A,A107,110,0.73
A,A108,110,0.803
A,K109,110,-1.098
A,K110,110,-1.011
A,L111,110,1.137
A,A112,110,0.796
A,F113,110,-0.88
A,V114,110,1.526
A,E115,110,-0.732
A,D116,110,-1.107
A,R117,110,-0.25
A,T118,110,-0.062
A,I119,110,1.678
A,F120,110,1.231
A,E121,110,-0.677
A,G122,110,-0.397
A,Y123,110,-0.395
A,S124,110,0.332
A,A125,110,-0.349
A,A126,110,0.553
A,S127,110,0.227
A,I128,110,1.817
A,E129,110,-1.374
A,G130,110,-0.46
A,I131,110,1.368
A,R132,110,-0.458
A,S133,110,0.108
A,A134,110,-1.343
A,S135,110,1.008
A,S136,110,-0.557
A,N137,110,-0.471
A,P138,110,-0.973
A,A139,110,-1.227
A,L140,110,1.396
A,T141,110,-0.656
A,L142,110,1.369
A,P143,110,-1.319
A,E144,110,-0.608
A,D145,110,0.513
A,P146,110,-1.166
A,R147,110,1.307
A,E148,110,-1.356
A,I149,110,2.037
A,P150,110,-1.124
A,D151,110,0.203
A,V152,110,1.398
A,I153,110,1.5
A,S154,110,-0.535
A,Q155,110,-0.822
A,A156,110,0.752
A,L157,110,1.428
A,S158,110,-0.737
A,E159,110,-1.035
A,L160,110,1.313
A,R161,110,0.806
A,L162,110,0.963
A,A163,110,0.709
A,G164,110,-0.841
A,V165,110,1.681
A,D166,110,1.703
A,G167,110,-0.783
A,P168,110,-0.336
A,Y169,110,0.711
A,S170,110,-0.605
A,V171,110,1.277
A,L172,110,1.307
A,L173,110,1.615
A,S174,110,-0.667
A,A175,110,0.245
A,D176,110,0.075
A,V177,110,1.239
A,Y178,110,-1.552
A,T179,110,-0.115
A,K180,110,1.082
A,V181,110,1.228
A,S182,110,0.047
A,E183,110,-0.075
A,T184,110,-0.145
A,S185,110,0.212
A,D186,110,0.427
A,H187,110,0.463
A,G188,110,-0.029
A,Y189,110,-2.256
A,P190,110,-0.806
A,I191,110,1.596
A,R192,110,-0.716
A,E193,110,-0.961
A,H194,110,-0.462
A,L195,110,1.147
A,N196,110,-1.081
A,R197,110,0.279
A,L198,110,1.208
A,V199,110,1.174
A,D200,110,0.937
A,G201,110,-0.368
A,D202,110,-0.229
A,I203,110,1.496
A,I204,110,1.554
A,W205,110,-0.183
A,A206,110,0.607
A,P207,110,-1.487
A,A208,110,0.478
A,I209,110,1.471
A,D210,110,-0.822
A,G211,110,-0.585
A,A212,110,0.431
A,F213,110,1.292
A,V214,110,1.27
A,L215,110,1.367
A,T216,110,-0.374
A,T217,110,-0.332
A,R218,110,1.27
A,G219,110,-0.291
A,G220,110,-0.46
A,D221,110,-1.327
A,F222,110,1.304
A,D223,110,-1.408
A,L224,110,1.27
A,Q225,110,-0.784
A,L226,110,1.505
A,G227,110,0.065
A,T228,110,-0.238
A,D229,110,-0.889
A,V230,110,1.173
A,A231,110,-0.693
A,I232,110,1.386
A,G233,110,-0.473
A,Y234,110,0.967
A,A235,110,0.477
A,S236,110,-0.822
A,H237,110,-0.236
A,D238,110,1.006
A,T239,110,0.658
A,D240,110,1.029
A,T241,110,-0.085
A,V242,110,1.474
A,R243,110,-0.46
A,L244,110,1.21
A,Y245,110,0.946
A,L246,110,1.246
A,Q247,110,-0.899
A,E248,110,-0.954
A,T249,110,-0.224
A,L250,110,1.323
A,T251,110,-0.157
A,F252,110,1.513
A,L253,110,0.94
A,C254,110,1.896
A,Y255,110,-0.927
A,T256,110,0.063
A,A257,110,-0.866
A,E258,110,-0.86
A,A259,110,0.563
A,S260,110,-0.713
A,V261,110,1.297
A,A262,110,-0.456
A,L263,110,1.406
A,S264,110,-0.619
A,M1,120,1.09
A,N2,120,-0.631
A,N3,120,-0.739
A,L4,120,1.535
A,Y5,120,-0.896
A,R6,120,-0.468
A,D7,120,-1.047
A,L8,120,0.495
A,A9,120,-0.401
A,P10,120,-1.352
A,V11,120,1.379
A,T12,120,-0.404
A,E13,120,-0.596
A,A14,120,0.031
A,A15,120,1.059
A,W16,120,-0.268
A,A17,120,0.32
A,E18,120,-0.677
A,I19,120,1.649
A,E20,120,-0.992
A,L21,120,1.061
A,E22,120,-0.568
A,A23,120,0.274
A,A24,120,0.965
A,R25,120,0.396
A,T26,120,0.121
A,F27,120,-0.592
A,K28,120,0.828
A,R29,120,-0.514
A,H30,120,-1.078
A,I31,120,2.331
A,A32,120,-0.148
A,G33,120,-0.534
A,R34,120,-0.067
A,R35,120,-0.09
A,V36,120,1.331
A,V37,120,1.312
A,D38,120,0.429
A,V39,120,1.406
A,S40,120,-0.904
A,D41,120,-1.273
A,P42,120,-1.383
A,G43,120,-0.229
A,G44,120,0.075
A,P45,120,-0.384
A,V46,120,0.727
A,T47,120,-0.312
A,A48,120,-0.074
A,A49,120,0.627
A,V50,120,0.996
A,S51,120,0.629
A,T52,120,-0.29
A,G53,120,-0.476
A,R54,120,1.373
A,L55,120,-0.574
A,I56,120,1.124
A,D57,120,1.345
A,V58,120,1.806
A,K59,120,1.718
A,A60,120,0.983
A,P61,120,0.789
A,T62,120,0.18
A,N63,120,-0.456
A,G64,120,-0.674
A,V65,120,1.221
A,I66,120,2.236
A,A67,120,0.618
A,H68,120,-0.218
A,L69,120,0.293
A,R70,120,0.936
A,A71,120,-1.54
A,S72,120,-0.727
A,K73,120,-1.215
A,P74,120,-1.198
A,L75,120,1.392
A,V76,120,1.258
A,R77,120,-0.333
A,L78,120,1.371
A,R79,120,-0.176
A,V80,120,1.369
A,P81,120,-0.541
A,F82,120,1.188
A,T83,120,-0.626
A,L84,120,1.339
A,S85,120,-0.591
A,R86,120,-0.145
A,N87,120,0.461
A,E88,120,-1.601
A,I89,120,1.418
A,D90,120,2.033
A,D91,120,0.47
A,V92,120,1.293
A,E93,120,-1.715
A,R94,120,2.428
A,G95,120,-0.886
A,S96,120,1.031
A,K97,120,1.889
A,D98,120,0.438
A,S99,120,-0.394
A,D100,120,-1.435
A,W101,120,1.44
A,E102,120,-1.085
A,P103,120,-0.967
A,V104,120,1.19
A,K105,120,-0.456
A,E106,120,-0.026
A,A107,120,0.601
A,A108,120,0.747
A,K109,120,-1.21
A,K110,120,-0.835
A,L111,120,1.115
A,A112,120,0.616
A,F113,120,-0.879
A,V114,120,1.466
A,E115,120,-0.739
A,D116,120,-1.229
A,R117,120,-0.434
A,T118,120,-0.218
A,I119,120,1.79
A,F120,120,1.399
A,E121,120,-0.845
A,G122,120,-0.449
A,Y123,120,-0.894
A,S124,120,0.173
A,A125,120,-0.182
A,A126,120,0.542
A,S127,120,0.092
A,I128,120,1.701
A,E129,120,-1.335
A,G130,120,-0.292
A,I131,120,1.455
A,R132,120,-0.487
A,S133,120,0.061
A,A134,120,-1.053
A,S135,120,-0.088
A,S136,120,-0.709
A,N137,120,-0.734
A,P138,120,-1.12
A,A139,120,-1.413
A,L140,120,1.26
A,T141,120,-0.875
A,L142,120,1.361
A,P143,120,-1.239
A,E144,120,-0.491
A,D145,120,-0.547
A,P146,120,-0.597
A,R147,120,2.137
A,E148,120,-1.361
A,I149,120,1.362
A,P150,120,-1.154
A,D151,120,-0.286
A,V152,120,1.23
A,I153,120,1.424
A,S154,120,-0.513
A,Q155,120,-0.837
A,A156,120,0.648
A,L157,120,1.49
A,S158,120,-0.332
A,E159,120,-1.123
A,L160,120,1.493
A,R161,120,0.114
A,L162,120,-0.503
A,A163,120,0.875
A,G164,120,-0.514
A,V165,120,1.649
A,D166,120,1.883
A,G167,120,-0.763
A,P168,120,-1.1
A,Y169,120,0.841
A,S170,120,-0.69
A,V171,120,1.284
A,L172,120,1.357
A,L173,120,1.574
A,S174,120,-0.54
A,A175,120,0.379
A,D176,120,1.065
A,V177,120,1.558
A,Y178,120,-1.76
A,T179,120,-0.07
A,K180,120,1.254
A,V181,120,1.159
A,S182,120,-0.059
A,E183,120,-1.564
A,T184,120,-0.804
A,S185,120,0.282
A,D186,120,-0.61
A,H187,120,-0.129
A,G188,120,0.051
A,Y189,120,-1.898
A,P190,120,-0.629
A,I191,120,1.197
A,R192,120,-0.482
A,E193,120,-0.93
A,H194,120,-0.498
A,L195,120,1.137
A,N196,120,-0.941
A,R197,120,0.626
A,L198,120,1.241
A,V199,120,1.205
A,D200,120,0.727
A,G201,120,-0.553
A,D202,120,1.764
A,I203,120,1.451
A,I204,120,1.751
A,W205,120,-0.024
A,A206,120,0.221
A,P207,120,-0.673
A,A208,120,0.321
A,I209,120,1.541
A,D210,120,-0.814
A,G211,120,-0.524
A,A212,120,0.344
A,F213,120,1.325
A,V214,120,1.248
A,L215,120,1.468
A,T216,120,-0.385
A,T217,120,-0.234
A,R218,120,1.602
A,G219,120,0.037
A,G220,120,0.315
A,D221,120,-1.357
A,F222,120,1.281
A,D223,120,-1.506
A,L224,120,1.444
A,Q225,120,-1.093
A,L226,120,1.279
A,G227,120,0.074
A,T228,120,-0.218
A,D229,120,-1.0
A,V230,120,1.164
A,A231,120,-0.298
A,I232,120,1.374
A,G233,120,-0.478
A,Y234,120,0.947
A,A235,120,-0.336
A,S236,120,0.068
A,H237,120,-0.058
A,D238,120,1.212
A,T239,120,0.979
A,D240,120,0.22
A,T241,120,0.446
A,V242,120,1.408
A,R243,120,0.181
A,L244,120,1.268
A,Y245,120,0.781
A,L246,120,1.254
A,Q247,120,-0.721
A,E248,120,-1.145
A,T249,120,-0.29
A,L250,120,1.399
A,T251,120,-0.137
A,F252,120,1.1
A,L253,120,1.041
A,C254,120,1.546
A,Y255,120,-1.347
A,T256,120,0.524
A,A257,120,-0.986
A,E258,120,-1.307
A,A259,120,0.479
A,S260,120,-0.656
A,V261,120,1.316
A,A262,120,0.087
A,L263,120,1.517
A,S264,120,-0.629
A,M1,130,0.707
A,N2,130,-0.753
A,N3,130,-0.283
A,L4,130,1.367
A,Y5,130,-1.049
A,R6,130,-0.481
A,D7,130,-0.881
A,L8,130,0.258
A,A9,130,0.121
A,P10,130,-1.396
A,V11,130,1.336
A,T12,130,-0.115
A,E13,130,-0.721
A,A14,130,-0.078
A,A15,130,1.059
A,W16,130,0.158
A,A17,130,0.459
A,E18,130,-0.93
A,I19,130,1.535
A,E20,130,-1.015
A,L21,130,1.353
A,E22,130,-0.861
A,A23,130,0.769
A,A24,130,0.594
A,R25,130,-0.716
A,T26,130,-0.15
A,F27,130,-0.081
A,K28,130,-1.758
A,R29,130,-0.435
A,H30,130,0.401
A,I31,130,1.082
A,A32,130,0.464
A,G33,130,-0.612
A,R34,130,-0.238
A,R35,130,0.126
A,V36,130,1.431
A,V37,130,1.382
A,D38,130,0.999
A,V39,130,1.244
A,S40,130,-0.806
A,D41,130,-1.647
A,P42,130,-1.511
A,G43,130,-0.099
A,G44,130,-0.155
A,P45,130,0.207
A,V46,130,1.001
A,T47,130,-0.163
A,A48,130,-0.671
A,A49,130,-0.858
A,V50,130,1.026
A,S51,130,0.69
A,T52,130,-0.157
A,G53,130,-0.38
A,R54,130,1.13
A,L55,130,-0.431
A,I56,130,1.604
A,D57,130,1.847
A,V58,130,1.734
A,K59,130,0.234
A,A60,130,1.044
A,P61,130,0.211
A,T62,130,0.168
A,N63,130,-1.064
A,G64,130,-0.592
A,V65,130,1.281
A,I66,130,1.563
A,A67,130,0.682
A,H68,130,0.478
A,L69,130,0.477
A,R70,130,0.988
A,A71,130,-1.6
A,S72,130,-0.701
A,K73,130,-1.012
A,P74,130,-1.159
A,L75,130,1.299
A,V76,130,1.262
A,R77,130,-0.53
A,L78,130,1.298
A,R79,130,0.238
A,V80,130,1.322
A,P81,130,-1.093
A,F82,130,1.146
A,T83,130,-0.66
A,L84,130,1.199
A,S85,130,0.287
A,R86,130,-0.306
A,N87,130,1.178
A,E88,130,-1.623
A,I89,130,1.631
A,D90,130,0.71
A,D91,130,0.561
A,V92,130,0.865
A,E93,130,-1.26
A,R94,130,2.365
A,G95,130,-0.461
A,S96,130,-0.074
A,K97,130,1.685
A,D98,130,0.433
A,S99,130,-0.387
A,D100,130,-1.22
A,W101,130,1.515
A,E102,130,-0.916
A,P103,130,-0.904
A,V104,130,1.21
A,K105,130,-0.729
A,E106,130,0.184
A,A107,130,0.192
A,A108,130,0.768
A,K109,130,-1.121
A,K110,130,-0.961
A,L111,130,1.121
A,A112,130,0.652
A,F113,130,-0.697
A,V114,130,1.627
A,E115,130,-0.702
A,D116,130,-1.216
A,R117,130,-0.275
A,T118,130,-0.233
A,I119,130,1.671
A,F120,130,1.313
A,E121,130,-0.728
A,G122,130,-0.437
A,Y123,130,0.155
A,S124,130,0.234
A,A125,130,-0.202
A,A126,130,0.5
A,S127,130,-0.362
A,I128,130,1.881
A,E129,130,-1.386
A,G130,130,-0.54
A,I131,130,1.416
A,R132,130,-0.416
A,S133,130,0.085
A,A134,130,-1.383
A,S135,130,0.209
A,S136,130,-0.666
A,N137,130,-0.495
A,P138,130,-1.137
A,A139,130,-0.895
A,L140,130,1.221
A,T141,130,-0.806
A,L142,130,1.273
A,P143,130,-1.372
A,E144,130,0.3
A,D145,130,1.067
A,P146,130,0.009
A,R147,130,1.768
A,E148,130,-1.432
A,I149,130,1.983
A,P150,130,-1.167
A,D151,130,0.514
A,V152,130,1.214
A,I153,130,1.41
A,S154,130,-0.259
A,Q155,130,-0.835
A,A156,130,0.8
A,L157,130,1.302
A,S158,130,-0.428
A,E159,130,-1.121
A,L160,130,1.268
A,R161,130,0.725
A,L162,130,1.496
A,A163,130,0.791
A,G164,130,-0.588
A,V165,130,1.487
A,D166,130,1.682
A,G167,130,-0.726
A,P168,130,-2.059
A,Y169,130,0.736
A,S170,130,-0.707
A,V171,130,1.272
A,L172,130,1.336
A,L173,130,1.555
A,S174,130,-0.154
A,A175,130,0.376
A,D176,130,0.686
A,V177,130,1.699
A,Y178,130,-2.057
A,T179,130,0.284
A,K180,130,0.758
A,V181,130,1.666
A,S182,130,-0.009
A,E183,130,-0.898
A,T184,130,-0.5
A,S185,130,0.196
A,D186,130,0.131
A,H187,130,0.142
A,G188,130,-0.221
A,Y189,130,-1.799
A,P190,130,0.107
A,I191,130,1.873
A,R192,130,-0.866
A,E193,130,-1.066
A,H194,130,-0.474
A,L195,130,1.205
A,N196,130,-0.855
A,R197,130,0.225
A,L198,130,1.486
A,V199,130,1.194
A,D200,130,1.963
A,G201,130,-0.52
A,D202,130,0.553
A,I203,130,1.393
A,I204,130,1.711
A,W205,130,0.662
A,A206,130,0.429
A,P207,130,-0.384
A,A208,130,0.33
A,I209,130,1.563
A,D210,130,-1.001
A,G211,130,-0.593
A,A212,130,0.373
A,F213,130,1.244
A,V214,130,1.273
A,L215,130,1.461
A,T216,130,-0.283
A,T217,130,-0.238
A,R218,130,1.759
A,G219,130,-0.562
A,G220,130,-0.438
A,D221,130,-1.463
A,F222,130,1.329
A,D223,130,-1.167
A,L224,130,1.419
A,Q225,130,-0.716
A,L226,130,1.12
A,G227,130,0.126
A,T228,130,-0.226
A,D229,130,-1.064
A,V230,130,1.214
A,A231,130,-0.579
A,I232,130,1.266
A,G233,130,-0.468
A,Y234,130,0.928
A,A235,130,0.504
A,S236,130,-1.192
A,H237,130,-0.404
A,D238,130,0.034
A,T239,130,0.985
A,D240,130,1.414
A,T241,130,0.089
A,V242,130,1.383
A,R243,130,-0.885
A,L244,130,1.299
A,Y245,130,0.847
A,L246,130,1.324
A,Q247,130,-0.742
A,E248,130,-1.01
A,T249,130,-0.322
A,L250,130,1.328
A,T251,130,-0.134
A,F252,130,1.314
A,L253,130,0.544
A,C254,130,1.614
A,Y255,130,-0.81
A,T256,130,-0.106
A,A257,130,-1.046
A,E258,130,-1.318
A,A259,130,0.573
A,S260,130,-0.669
A,V261,130,1.342
A,A262,130,-0.312
A,L263,130,1.455
A,S264,130,-0.612
A,M1,140,0.71
A,N2,140,-0.77
A,N3,140,-0.662
A,L4,140,1.228
A,Y5,140,-1.862
A,R6,140,-0.45
A,D7,140,-1.029
A,L8,140,0.734
A,A9,140,0.079
A,P10,140,-1.323
A,V11,140,1.363
A,T12,140,-0.164
A,E13,140,-0.664
A,A14,140,0.273
A,A15,140,1.126
A,W16,140,-0.398
A,A17,140,0.537
A,E18,140,-0.745
A,I19,140,1.597
A,E20,140,-1.029
A,L21,140,1.334
A,E22,140,-0.647
A,A23,140,0.68
A,A24,140,0.581
A,R25,140,0.019
A,T26,140,-0.024
A,F27,140,0.768
A,K28,140,0.635
A,R29,140,-0.317
A,H30,140,-0.77
A,I31,140,1.957
A,A32,140,-0.345
A,G33,140,-0.6
A,R34,140,0.036
A,R35,140,-0.004
A,V36,140,1.318
A,V37,140,1.435
A,D38,140,1.149
A,V39,140,1.307
A,S40,140,-0.133
A,D41,140,-0.953
A,P42,140,-1.053
A,G43,140,-0.22
A,G44,140,-0.078
A,P45,140,0.563
A,V46,140,0.805
A,T47,140,-0.175
A,A48,140,0.454
A,A49,140,0.93
A,V50,140,1.027
A,S51,140,0.435
A,T52,140,-0.31
A,G53,140,-0.339
A,R54,140,0.608
A,L55,140,-0.432
A,I56,140,0.936
A,D57,140,1.315
A,V58,140,1.804
A,K59,140,1.494
A,A60,140,0.937
A,P61,140,0.951
A,T62,140,0.465
A,N63,140,-0.253
A,G64,140,-0.692
A,V65,140,0.63
A,I66,140,2.235
A,A67,140,0.665
A,H68,140,0.039
A,L69,140,0.343
A,R70,140,1.109
A,A71,140,-1.427
A,S72,140,-0.749
A,K73,140,-1.218
A,P74,140,-1.277
A,L75,140,1.463
A,V76,140,1.272
A,R77,140,0.116
A,L78,140,1.348
A,R79,140,0.242
A,V80,140,1.425
A,P81,140,-0.502
A,F82,140,1.082
A,T83,140,-0.02
A,L84,140,1.332
A,S85,140,-0.61
A,R86,140,-0.218
A,N87,140,0.45
A,E88,140,-1.414
A,I89,140,1.418
A,D90,140,0.943
A,D91,140,-0.12
A,V92,140,1.337
A,E93,140,-1.311
A,R94,140,1.882
A,G95,140,-0.644
A,S96,140,-0.256
A,K97,140,1.624
A,D98,140,0.067
A,S99,140,-0.804
A,D100,140,-0.192
A,W101,140,1.494
A,E102,140,-1.031
A,P103,140,-1.09
A,V104,140,1.19
A,K105,140,-0.568
A,E106,140,-0.45
A,A107,140,0.691
A,A108,140,0.867
A,K109,140,-0.683
A,K110,140,-0.855
A,L111,140,1.156
A,A112,140,-0.203
A,F113,140,-0.535
A,V114,140,1.476
A,E115,140,-0.79
A,D116,140,-1.099
A,R117,140,0.155
A,T118,140,-0.206
A,I119,140,1.36
A,F120,140,1.152
A,E121,140,-0.765
A,G122,140,-0.453
A,Y123,140,0.253
A,S124,140,-0.357
A,A125,140,-0.108
A,A126,140,0.602
A,S127,140,-0.371
A,I128,140,1.39
A,E129,140,-1.317
A,G130,140,-0.486
A,I131,140,1.481
A,R132,140,-0.486
A,S133,140,-0.035
A,A134,140,-1.333
A,S135,140,0.056
A,S136,140,-0.622
A,N137,140,-0.292
A,P138,140,-0.727
A,A139,140,-0.995
A,L140,140,1.216
A,T141,140,-0.657
A,L142,140,1.12
A,P143,140,-1.341
A,E144,140,0.489
A,D145,140,0.253
A,P146,140,-0.847
A,R147,140,1.216
A,E148,140,-1.069
A,I149,140,1.503
A,P150,140,-1.002
A,D151,140,0.077
A,V152,140,1.239
A,I153,140,1.278
A,S154,140,-0.272
A,Q155,140,-0.787
A,A156,140,0.721
A,L157,140,1.323
A,S158,140,-0.504
A,E159,140,-1.132
A,L160,140,1.422
A,R161,140,0.071
A,L162,140,-0.128
A,A163,140,0.417
A,G164,140,-0.373
A,V165,140,1.793
A,D166,140,1.847
A,G167,140,-0.808
A,P168,140,-0.339
A,Y169,140,0.814
A,S170,140,-0.582
A,V171,140,1.264
A,L172,140,1.289
A,L173,140,1.571
A,S174,140,-0.235
A,A175,140,0.035
A,D176,140,1.232
A,V177,140,1.435
A,Y178,140,0.771
A,T179,140,0.14
A,K180,140,1.445
A,V181,140,1.267
A,S182,140,-0.115
A,E183,140,-0.781
A,T184,140,-0.254
A,S185,140,0.524
A,D186,140,0.395
A,H187,140,0.039
A,G188,140,-0.035
A,Y189,140,-2.213
A,P190,140,-0.161
A,I191,140,1.683
A,R192,140,-0.591
A,E193,140,-1.038
A,H194,140,-0.571
A,L195,140,1.177
A,N196,140,-0.835
A,R197,140,0.126
A,L198,140,1.163
A,V199,140,1.174
A,D200,140,1.144
A,G201,140,-0.315
A,D202,140,-0.738
A,I203,140,1.486
A,I204,140,1.479
A,W205,140,0.037
A,A206,140,0.334
A,P207,140,-0.057
A,A208,140,-0.358
A,I209,140,1.476
A,D210,140,-0.577
A,G211,140,-0.566
A,A212,140,0.533
A,F213,140,1.241
A,V214,140,1.23
A,L215,140,1.476
A,T216,140,-0.306
A,T217,140,-0.232
A,R218,140,1.572
A,G219,140,0.154
A,G220,140,0.257
A,D221,140,-1.338
A,F222,140,1.224
A,D223,140,-1.399
A,L224,140,1.561
A,Q225,140,-0.653
A,L226,140,1.555
A,G227,140,0.02
A,T228,140,-0.236
A,D229,140,-0.169
A,V230,140,1.204
A,A231,140,0.902
A,I232,140,1.299
A,G233,140,-0.482
A,Y234,140,0.882
A,A235,140,0.531
A,S236,140,-0.897
A,H237,140,-0.394
A,D238,140,-0.002
A,T239,140,0.12
A,D240,140,0.829
A,T241,140,0.984
A,V242,140,1.386
A,R243,140,-0.746
A,L244,140,1.269
A,Y245,140,0.855
A,L246,140,1.325
A,Q247,140,-0.712
A,E248,140,-0.923
A,T249,140,-0.505
A,L250,140,1.472
A,T251,140,-0.168
A,F252,140,1.475
A,L253,140,1.332
A,C254,140,1.625
A,Y255,140,-2.4
A,T256,140,-0.226
A,A257,140,-0.947
A,E258,140,-0.528
A,A259,140,0.586
A,S260,140,-0.703
A,V261,140,1.326
A,A262,140,-0.086
A,L263,140,1.394
A,S264,140,-0.544
A,M1,150,0.089
A,N2,150,-0.858
A,N3,150,0.057
A,L4,150,0.973
A,Y5,150,-0.363
A,R6,150,-0.444
A,D7,150,-1.665
A,L8,150,0.535
A,A9,150,0.177
A,P10,150,-1.411
A,V11,150,1.388
A,T12,150,-0.106
A,E13,150,-0.699
A,A14,150,0.244
A,A15,150,1.02
A,W16,150,-0.307
A,A17,150,0.464
A,E18,150,-0.832
A,I19,150,1.564
A,E20,150,-1.021
A,L21,150,1.385
A,E22,150,-0.79
A,A23,150,0.81
A,A24,150,0.654
A,R25,150,-1.01
A,T26,150,-0.076
A,F27,150,0.885
A,K28,150,-1.549
A,R29,150,-1.257
A,H30,150,0.142
A,I31,150,1.528
A,A32,150,-0.11
A,G33,150,-0.582
A,R34,150,-0.964
A,R35,150,-0.458
A,V36,150,1.596
A,V37,150,1.448
A,D38,150,-0.786
A,V39,150,1.5
A,S40,150,-0.856
A,D41,150,-1.371
A,P42,150,-1.406
A,G43,150,-0.236
A,G44,150,-0.287
A,P45,150,-1.173
A,V46,150,0.645
A,T47,150,-0.093
A,A48,150,0.052
A,A49,150,1.005
A,V50,150,0.91
A,S51,150,0.568
A,T52,150,-0.297
A,G53,150,-0.323
A,R54,150,0.807
A,L55,150,-0.431
A,I56,150,1.306
A,D57,150,1.954
A,V58,150,1.799
A,K59,150,1.729
A,A60,150,0.995
A,P61,150,-0.012
A,T62,150,0.443
A,N63,150,-0.104
A,G64,150,-0.449
A,V65,150,1.231
A,I66,150,2.254
A,A67,150,0.66
A,H68,150,-0.256
A,L69,150,0.578
A,R70,150,1.116
A,A71,150,-1.44
A,S72,150,-0.737
A,K73,150,-1.238
A,P74,150,-0.928
A,L75,150,1.434
A,V76,150,1.367
A,R77,150,-0.198
A,L78,150,1.26
A,R79,150,0.561
A,V80,150,1.327
A,P81,150,-0.494
A,F82,150,1.222
A,T83,150,0.051
A,L84,150,1.301
A,S85,150,0.334
A,R86,150,-0.046
A,N87,150,0.634
A,E88,150,-1.838
A,I89,150,1.359
A,D90,150,1.735
A,D91,150,-0.078
A,V92,150,1.222
A,E93,150,-1.351
A,R94,150,2.479
A,G95,150,-0.519
A,S96,150,-0.19
A,K97,150,1.682
A,D98,150,0.406
A,S99,150,-0.372
A,D100,150,-1.492
A,W101,150,1.196
A,E102,150,-1.543
A,P103,150,-0.944
A,V104,150,1.18
A,K105,150,-1.098
A,E106,150,-0.249
A,A107,150,0.737
A,A108,150,0.901
A,K109,150,-1.195
A,K110,150,-0.886
A,L111,150,1.172
A,A112,150,-0.569
A,F113,150,-0.613
A,V114,150,1.445
A,E115,150,-1.066
A,D116,150,-1.213
A,R117,150,-0.577
A,T118,150,-0.233
A,I119,150,1.781
A,F120,150,1.245
A,E121,150,-0.643
A,G122,150,-0.434
A,Y123,150,-1.002
A,S124,150,-0.352
A,A125,150,-0.303
A,A126,150,0.69
A,S127,150,0.09
A,I128,150,1.334
A,E129,150,-1.208
A,G130,150,-0.592
A,I131,150,1.479
A,R132,150,-0.374
A,S133,150,-0.12
A,A134,150,-1.409
A,S135,150,0.15
A,S136,150,-0.738
A,N137,150,-0.403
A,P138,150,-0.966
A,A139,150,-1.413
A,L140,150,1.217
A,T141,150,-0.899
A,L142,150,1.175
A,P143,150,-1.364
A,E144,150,-0.143
A,D145,150,0.592
A,P146,150,-1.113
A,R147,150,1.579
A,E148,150,-1.459
A,I149,150,1.386
A,P150,150,-0.979
A,D151,150,-0.275
A,V152,150,1.185
A,I153,150,1.414
A,S154,150,-0.46
A,Q155,150,-0.793
A,A156,150,0.808
A,L157,150,1.506
A,S158,150,-0.542
A,E159,150,-1.011
A,L160,150,1.41
A,R161,150,0.493
A,L162,150,-0.061
A,A163,150,0.776
A,G164,150,-0.577
A,V165,150,1.658
A,D166,150,1.891
A,G167,150,-0.749
A,P168,150,-0.08
A,Y169,150,0.854
A,S170,150,-0.503
A,V171,150,1.28
A,L172,150,1.3
A,L173,150,1.45
A,S174,150,-0.619
A,A175,150,-0.013
A,D176,150,0.755
A,V177,150,1.313
A,Y178,150,-0.476
A,T179,150,-0.393
A,K180,150,0.088
A,V181,150,1.855
A,S182,150,0.012
A,E183,150,-1.628
A,T184,150,-0.282
A,S185,150,0.953
A,D186,150,0.233
A,H187,150,-0.315
A,G188,150,-0.118
A,Y189,150,-1.779
A,P190,150,-0.781
A,I191,150,1.144
A,R192,150,-0.648
A,E193,150,-1.016
A,H194,150,-0.561
A,L195,150,1.111
A,N196,150,-0.882
A,R197,150,0.142
A,L198,150,1.053
A,V199,150,1.19
A,D200,150,0.781
A,G201,150,-0.268
A,D202,150,-0.154
A,I203,150,1.382
A,I204,150,1.517
A,W205,150,0.748
A,A206,150,0.344
A,P207,150,0.496
A,A208,150,0.33
A,I209,150,1.422
A,D210,150,-0.711
A,G211,150,-0.543
A,A212,150,0.51
A,F213,150,1.311
A,V214,150,1.264
A,L215,150,1.373
A,T216,150,-0.303
A,T217,150,-0.298
A,R218,150,1.498
A,G219,150,-0.152
A,G220,150,-0.111
A,D221,150,-1.38
A,F222,150,1.237
A,D223,150,-1.207
A,L224,150,1.367
A,Q225,150,-0.738
A,L226,150,1.281
A,G227,150,-0.004
A,T228,150,-0.209
A,D229,150,-0.605
A,V230,150,1.198
A,A231,150,-0.805
A,I232,150,1.281
A,G233,150,-0.497
A,Y234,150,0.903
A,A235,150,0.255
A,S236,150,-0.921
A,H237,150,-0.535
A,D238,150,-0.146
A,T239,150,1.529
A,D240,150,1.971
A,T241,150,0.807
A,V242,150,1.503
A,R243,150,-0.835
A,L244,150,1.33
A,Y245,150,0.857
A,L246,150,1.307
A,Q247,150,-0.661
A,E248,150,-0.907
A,T249,150,-0.25
A,L250,150,1.036
A,T251,150,-0.194
A,F252,150,1.348
A,L253,150,1.182
A,C254,150,1.535
A,Y255,150,-2.415
A,T256,150,0.289
A,A257,150,-1.03
A,E258,150,-1.028
A,A259,150,0.558
A,S260,150,-0.715
A,V261,150,1.299
A,A262,150,-0.199
A,L263,150,1.419
A,S264,150,-0.537
A,M1,160,0.064
A,N2,160,-0.759
A,N3,160,-0.497
A,L4,160,0.635
A,Y5,160,-1.186
A,R6,160,-0.455
A,D7,160,-1.3
A,L8,160,-0.217
A,A9,160,-0.211
A,P10,160,-1.476
A,V11,160,1.39
A,T12,160,-0.393
A,E13,160,-0.668
A,A14,160,0.126
A,A15,160,1.111
A,W16,160,-0.196
A,A17,160,0.504
A,E18,160,-0.838
A,I19,160,1.592
A,E20,160,-1.013
A,L21,160,1.348
A,E22,160,-0.653
A,A23,160,0.729
A,A24,160,0.736
A,R25,160,0.038
A,T26,160,-0.015
A,F27,160,0.749
A,K28,160,-0.52
A,R29,160,-0.682
A,H30,160,-0.476
A,I31,160,2.075
A,A32,160,0.46
A,G33,160,-0.555
A,R34,160,-0.195
A,R35,160,-0.403
A,V36,160,1.302
A,V37,160,1.508
A,D38,160,-0.34
A,V39,160,1.536
A,S40,160,-0.849
A,D41,160,-0.036
A,P42,160,-0.644
A,G43,160,-0.232
A,G44,160,-0.137
A,P45,160,-0.385
A,V46,160,0.785
A,T47,160,-0.387
A,A48,160,-0.007
A,A49,160,1.198
A,V50,160,1.108
A,S51,160,0.823
A,T52,160,-0.283
A,G53,160,-0.519
A,R54,160,-0.807
A,L55,160,-0.348
A,I56,160,0.949
A,D57,160,2.163
A,V58,160,2.229
A,K59,160,1.546
A,A60,160,1.043
A,P61,160,0.781
A,T62,160,0.165
A,N63,160,-0.056
A,G64,160,-0.52
A,V65,160,1.03
A,I66,160,2.027
A,A67,160,-1.384
A,H68,160,0.97
A,L69,160,1.17
A,R70,160,-0.8
A,A71,160,-1.043
A,S72,160,-0.102
A,K73,160,-1.229
A,P74,160,-0.997
A,L75,160,1.414
A,V76,160,1.263
A,R77,160,-0.507
A,L78,160,1.342
A,R79,160,-0.496
A,V80,160,1.371
A,P81,160,-0.684
A,F82,160,1.137
A,T83,160,0.011
A,L84,160,1.312
A,S85,160,-0.477
A,R86,160,0.619
A,N87,160,0.687
A,E88,160,-0.659
A,I89,160,1.596
A,D90,160,1.297
A,D91,160,0.019
A,V92,160,1.353
A,E93,160,-1.548
A,R94,160,2.157
A,G95,160,-0.899
A,S96,160,-0.265
A,K97,160,1.376
A,D98,160,0.491
A,S99,160,-0.341
A,D100,160,-0.542
A,W101,160,0.973
A,E102,160,-0.116
A,P103,160,-0.929
A,V104,160,1.168
A,K105,160,-0.78
A,E106,160,0.176
A,A107,160,0.518
A,A108,160,0.679
A,K109,160,-1.16
A,K110,160,-0.945
A,L111,160,1.153
A,A112,160,-0.199
A,F113,160,-0.122
A,V114,160,1.411
A,E115,160,-0.995
A,D116,160,-1.263
A,R117,160,-0.484
A,T118,160,-0.245
A,I119,160,1.654
A,F120,160,1.175
A,E121,160,-0.776
A,G122,160,-0.435
A,Y123,160,-0.13
A,S124,160,-0.101
A,A125,160,-0.124
A,A126,160,0.581
A,S127,160,0.787
A,I128,160,1.307
A,E129,160,-1.277
A,G130,160,-0.458
A,I131,160,1.472
A,R132,160,-0.432
A,S133,160,-0.023
A,A134,160,-0.821
A,S135,160,-0.44
A,S136,160,-0.617
A,N137,160,-0.511
A,P138,160,-0.762
A,A139,160,-1.405
A,L140,160,1.197
A,T141,160,-0.712
A,L142,160,1.3
A,P143,160,-1.223
A,E144,160,0.213
A,D145,160,1.689
A,P146,160,-1.446
A,R147,160,1.236
A,E148,160,-1.56
A,I149,160,2.014
A,P150,160,-1.358
A,D151,160,0.574
A,V152,160,1.24
A,I153,160,1.332
A,S154,160,-0.447
A,Q155,160,-0.848
A,A156,160,0.818
A,L157,160,1.3
A,S158,160,0.262
A,E159,160,-1.119
A,L160,160,1.455
A,R161,160,-0.854
A,L162,160,0.226
A,A163,160,0.761
A,G164,160,-0.51
A,V165,160,1.814
A,D166,160,2.079
A,G167,160,-0.796
A,P168,160,-1.847
A,Y169,160,0.766
A,S170,160,-0.588
A,V171,160,1.252
A,L172,160,1.511
A,L173,160,1.514
A,S174,160,-0.149
A,A175,160,-0.415
A,D176,160,0.667
A,V177,160,1.619
A,Y178,160,-1.757
A,T179,160,-0.01
A,K180,160,0.292
A,V181,160,1.721
A,S182,160,-0.179
A,E183,160,-0.138
A,T184,160,-0.261
A,S185,160,0.541
A,D186,160,0.328
A,H187,160,0.596
A,G188,160,-0.048
A,Y189,160,-1.4
A,P190,160,-0.871
A,I191,160,1.247
A,R192,160,-0.756
A,E193,160,-1.092
A,H194,160,-0.409
A,L195,160,1.24
A,N196,160,-1.307
A,R197,160,0.493
A,L198,160,1.104
A,V199,160,1.2
A,D200,160,0.631
A,G201,160,-0.479
A,D202,160,-0.442
A,I203,160,1.305
A,I204,160,1.546
A,W205,160,0.212
A,A206,160,0.601
A,P207,160,-0.232
A,A208,160,0.546
A,I209,160,1.435
A,D210,160,-0.463
A,G211,160,-0.523
A,A212,160,0.412
A,F213,160,1.284
A,V214,160,1.267
A,L215,160,1.451
A,T216,160,-0.35
A,T217,160,-0.227
A,R218,160,1.099
A,G219,160,-0.023
A,G220,160,-0.014
A,D221,160,-1.442
A,F222,160,1.338
A,D223,160,-1.469
A,L224,160,1.442
A,Q225,160,-0.744
A,L226,160,1.577
A,G227,160,0.072
A,T228,160,-0.215
A,D229,160,-0.134
A,V230,160,1.15
A,A231,160,-0.302
A,I232,160,1.312
A,G233,160,-0.476
A,Y234,160,0.938
A,A235,160,0.348
A,S236,160,-0.355
A,H237,160,0.042
A,D238,160,1.214
A,T239,160,0.857
A,D240,160,0.774
A,T241,160,0.447
A,V242,160,1.481
A,R243,160,0.333
A,L244,160,1.285
A,Y245,160,0.796
A,L246,160,1.305
A,Q247,160,-0.817
A,E248,160,-1.091
A,T249,160,-0.159
A,L250,160,1.272
A,T251,160,-0.115
A,F252,160,1.414
A,L253,160,1.538
A,C254,160,1.545
A,Y255,160,-2.86
A,T256,160,0.795
A,A257,160,-0.89
A,E258,160,-1.255
A,A259,160,0.226
A,S260,160,-0.719
A,V261,160,1.334
A,A262,160,-0.312
A,L263,160,1.417
A,S264,160,-0.503
A,M1,170,0.706
A,N2,170,-0.805
A,N3,170,-0.333
A,L4,170,0.634
A,Y5,170,-1.144
A,R6,170,-0.462
A,D7,170,-1.149
A,L8,170,0.328
A,A9,170,-0.198
A,P10,170,-1.418
A,V11,170,1.399
A,T12,170,-0.185
A,E13,170,-0.685
A,A14,170,0.325
A,A15,170,1.101
A,W16,170,-0.15
A,A17,170,0.525
A,E18,170,-0.84
A,I19,170,1.606
A,E20,170,-1.006
A,L21,170,1.487
A,E22,170,-0.356
A,A23,170,0.692
A,A24,170,0.37
A,R25,170,-0.586
A,T26,170,-0.1
A,F27,170,0.995
A,K28,170,-0.611
A,R29,170,-0.531
A,H30,170,0.102
A,I31,170,1.869
A,A32,170,0.39
A,G33,170,-0.611
A,R34,170,0.155
A,R35,170,-0.064
A,V36,170,1.399
A,V37,170,1.283
A,D38,170,0.299
A,V39,170,1.32
A,S40,170,-0.971
A,D41,170,-1.067
A,P42,170,-1.657
A,G43,170,-0.246
A,G44,170,-0.14
A,P45,170,-0.742
A,V46,170,0.865
A,T47,170,-0.449
A,A48,170,0.651
A,A49,170,1.156
A,V50,170,0.883
A,S51,170,0.265
A,T52,170,-0.339
A,G53,170,-0.359
A,R54,170,1.511
A,L55,170,-0.086
A,I56,170,1.57
A,D57,170,1.467
A,V58,170,1.706
A,K59,170,1.951
A,A60,170,0.983
A,P61,170,-0.42
A,T62,170,0.437
A,N63,170,-1.07
A,G64,170,-0.647
A,V65,170,1.016
A,I66,170,2.395
A,A67,170,-0.121
A,H68,170,0.639
A,L69,170,0.834
A,R70,170,0.125
A,A71,170,-0.966
A,S72,170,-0.659
A,K73,170,-1.172
A,P74,170,-1.232
A,L75,170,1.461
A,V76,170,1.311
A,R77,170,-0.444
A,L78,170,1.361
A,R79,170,-0.329
A,V80,170,1.421
A,P81,170,-1.327
A,F82,170,1.193
A,T83,170,-0.026
A,L84,170,1.243
A,S85,170,-0.448
A,R86,170,-0.298
A,N87,170,0.501
A,E88,170,-1.967
A,I89,170,1.439
A,D90,170,0.592
A,D91,170,-0.412
A,V92,170,1.354
A,E93,170,-1.385
A,R94,170,2.461
A,G95,170,-0.231
A,S96,170,-0.41
A,K97,170,1.245
A,D98,170,0.224
A,S99,170,-0.381
A,D100,170,-0.18
A,W101,170,1.287
A,E102,170,-1.24
A,P103,170,-1.033
A,V104,170,1.167
A,K105,170,-0.313
A,E106,170,-0.438
A,A107,170,0.717
A,A108,170,1.023
A,K109,170,-0.96
A,K110,170,-0.995
A,L111,170,1.232
A,A112,170,-0.063
A,F113,170,-0.802
A,V114,170,1.423
A,E115,170,-0.874
A,D116,170,-0.926
A,R117,170,-0.465
A,T118,170,-0.231
A,I119,170,1.413
A,F120,170,1.193
A,E121,170,-0.748
A,G122,170,-0.428
A,Y123,170,-0.011
A,S124,170,-0.094
A,A125,170,-0.155
A,A126,170,0.746
A,S127,170,0.312
A,I128,170,1.488
A,E129,170,-1.206
A,G130,170,-0.403
A,I131,170,1.495
A,R132,170,-0.427
A,S133,170,-0.036
A,A134,170,-0.689
A,S135,170,-0.436
A,S136,170,-0.574
A,N137,170,-0.324
A,P138,170,-0.93
A,A139,170,-1.029
A,L140,170,1.278
A,T141,170,-0.655
A,L142,170,1.27
A,P143,170,-1.37
A,E144,170,0.529
A,D145,170,1.191
A,P146,170,-0.963
A,R147,170,2.231
A,E148,170,-1.495
A,I149,170,1.943
A,P150,170,-1.11
A,D151,170,0.572
A,V152,170,1.222
A,I153,170,1.371
A,S154,170,-0.39
A,Q155,170,-0.894
A,A156,170,0.606
A,L157,170,1.417
A,S158,170,-0.559
A,E159,170,-1.114
A,L160,170,1.434
A,R161,170,-0.044
A,L162,170,-0.327
A,A163,170,0.785
A,G164,170,-0.829
A,V165,170,1.808
A,D166,170,2.546
A,G167,170,-0.787
A,P168,170,-1.618
A,Y169,170,0.814
A,S170,170,-0.597
A,V171,170,1.269
A,L172,170,1.341
A,L173,170,1.491
A,S174,170,-0.662
A,A175,170,0.127
A,D176,170,0.765
A,V177,170,1.531
A,Y178,170,-1.78
A,T179,170,-0.507
A,K180,170,0.095
A,V181,170,1.82
A,S182,170,0.25
A,E183,170,0.018
A,T184,170,-0.61
A,S185,170,0.533
A,D186,170,0.232
A,H187,170,0.369
A,G188,170,-0.048
A,Y189,170,-2.742
A,P190,170,0.124
A,I191,170,1.201
A,R192,170,-0.687
A,E193,170,-1.062
A,H194,170,-0.55
A,L195,170,1.138
A,N196,170,-1.202
A,R197,170,0.253
A,L198,170,1.123
A,V199,170,1.192
A,D200,170,0.822
A,G201,170,-0.24
A,D202,170,-0.331
A,I203,170,1.357
A,I204,170,1.579
A,W205,170,0.729
A,A206,170,0.421
A,P207,170,0.342
A,A208,170,0.289
A,I209,170,1.418
A,D210,170,-0.709
A,G211,170,-0.553
A,A212,170,0.496
A,F213,170,1.306
A,V214,170,1.22
A,L215,170,1.372
A,T216,170,-0.404
A,T217,170,-0.221
A,R218,170,1.978
A,G219,170,-0.302
A,G220,170,0.024
A,D221,170,-1.458
A,F222,170,1.246
A,D223,170,-1.304
A,L224,170,1.457
A,Q225,170,-0.727
A,L226,170,1.288
A,G227,170,0.056
A,T228,170,-0.244
A,D229,170,-1.109
A,V230,170,1.143
A,A231,170,-0.569
A,I232,170,1.252
A,G233,170,-0.459
A,Y234,170,0.92
A,A235,170,0.519
A,S236,170,-0.799
A,H237,170,0.01
A,D238,170,0.114
A,T239,170,1.038
A,D240,170,0.107
A,T241,170,1.061
A,V242,170,1.446
A,R243,170,-0.899
A,L244,170,1.278
A,Y245,170,0.722
A,L246,170,1.283
A,Q247,170,-0.811
A,E248,170,-0.54
A,T249,170,-0.213
A,L250,170,1.361
A,T251,170,-0.123
A,F252,170,1.346
A,L253,170,1.387
A,C254,170,1.537
A,Y255,170,-1.751
A,T256,170,0.408
A,A257,170,-0.939
A,E258,170,-0.863
A,A259,170,0.507
A,S260,170,-0.637
A,V261,170,1.311
A,A262,170,-0.164
A,L263,170,1.418
A,S264,170,-0.561
A,M1,180,0.155
A,N2,180,-0.777
A,N3,180,-0.464
A,L4,180,1.131
A,Y5,180,-1.228
A,R6,180,-0.514
A,D7,180,-1.099
A,L8,180,-0.711
A,A9,180,0.149
A,P10,180,-1.46
A,V11,180,1.332
A,T12,180,-0.278
A,E13,180,-0.751
A,A14,180,0.461
A,A15,180,1.104
A,W16,180,0.114
A,A17,180,0.678
A,E18,180,-0.991
A,I19,180,1.569
A,E20,180,-1.022
A,L21,180,1.367
A,E22,180,-0.988
A,A23,180,0.861
A,A24,180,0.749
A,R25,180,0.046
A,T26,180,0.239
A,F27,180,0.871
A,K28,180,-0.558
A,R29,180,-0.517
A,H30,180,0.538
A,I31,180,1.459
A,A32,180,0.397
A,G33,180,-0.597
A,R34,180,-0.785
A,R35,180,-0.469
A,V36,180,1.479
A,V37,180,1.229
A,D38,180,-0.47
A,V39,180,1.364
A,S40,180,-0.874
A,D41,180,-1.18
A,P42,180,-1.697
A,G43,180,-0.25
A,G44,180,-0.213
A,P45,180,-0.479
A,V46,180,0.794
A,T47,180,-0.207
A,A48,180,0.126
A,A49,180,1.097
A,V50,180,1.074
A,S51,180,0.332
A,T52,180,-0.268
A,G53,180,-0.434
A,R54,180,1.463
A,L55,180,-0.247
A,I56,180,1.688
A,D57,180,1.196
A,V58,180,1.586
A,K59,180,0.239
A,A60,180,1.037
A,P61,180,0.156
A,T62,180,0.164
A,N63,180,-0.99
A,G64,180,-0.452
A,V65,180,1.277
A,I66,180,1.887
A,A67,180,0.655
A,H68,180,0.642
A,L69,180,0.469
A,R70,180,-0.776
A,A71,180,-1.122
A,S72,180,-0.712
A,K73,180,-1.1
A,P74,180,-1.177
A,L75,180,1.46
A,V76,180,1.329
A,R77,180,-0.694
A,L78,180,1.297
A,R79,180,0.037
A,V80,180,1.369
A,P81,180,-1.01
A,F82,180,1.155
A,T83,180,-0.242
A,L84,180,1.285
A,S85,180,-0.472
A,R86,180,0.038
A,N87,180,0.976
A,E88,180,-1.425
A,I89,180,1.39
A,D90,180,1.449
A,D91,180,0.914
A,V92,180,1.299
A,E93,180,-1.281
A,R94,180,2.65
A,G95,180,-0.646
A,S96,180,-0.014
A,K97,180,0.738
A,D98,180,0.542
A,S99,180,0.548
A,D100,180,-0.698
A,W101,180,1.448
A,E102,180,-0.945
A,P103,180,-0.972
A,V104,180,1.242
A,K105,180,-0.943
A,E106,180,-0.658
A,A107,180,0.566
A,A108,180,0.996
A,K109,180,-0.726
A,K110,180,-0.917
A,L111,180,1.176
A,A112,180,1.052
A,F113,180,0.612
A,V114,180,1.528
A,E115,180,-1.084
A,D116,180,-1.291
A,R117,180,-0.458
A,T118,180,-0.233
A,I119,180,1.959
A,F120,180,1.374
A,E121,180,-0.689
A,G122,180,-0.422
A,Y123,180,-0.11
A,S124,180,-0.196
A,A125,180,-0.135
A,A126,180,0.724
A,S127,180,0.167
A,I128,180,1.419
A,E129,180,-1.187
A,G130,180,-0.346
A,I131,180,1.336
A,R132,180,0.1
A,S133,180,0.036
A,A134,180,-1.09
A,S135,180,0.175
A,S136,180,-0.733
A,N137,180,-0.485
A,P138,180,-0.988
A,A139,180,-1.404
A,L140,180,1.034
A,T141,180,-0.709
A,L142,180,1.236
A,P143,180,-0.964
A,E144,180,0.396
A,D145,180,2.118
A,P146,180,0.498
A,R147,180,1.829
A,E148,180,-1.197
A,I149,180,2.097
A,P150,180,-1.11
A,D151,180,0.521
A,V152,180,1.213
A,I153,180,1.372
A,S154,180,-0.374
A,Q155,180,-0.841
A,A156,180,0.696
A,L157,180,1.392
A,S158,180,-0.384
A,E159,180,-1.108
A,L160,180,1.471
A,R161,180,-0.056
A,L162,180,-0.279
A,A163,180,0.779
A,G164,180,-0.516
A,V165,180,1.669
A,D166,180,2.021
A,G167,180,-0.735
A,P168,180,-2.065
A,Y169,180,0.88
A,S170,180,-0.681
A,V171,180,1.292
A,L172,180,1.472
A,L173,180,1.569
A,S174,180,-0.66
A,A175,180,-0.083
A,D176,180,0.858
A,V177,180,1.556
A,Y178,180,0.467
A,T179,180,-0.51
A,K180,180,0.223
A,V181,180,2.115
A,S182,180,0.406
A,E183,180,-0.32
A,T184,180,-0.587
A,S185,180,0.428
A,D186,180,0.232
A,H187,180,0.325
A,G188,180,-0.193
A,Y189,180,-2.696
A,P190,180,-0.843
A,I191,180,1.754
A,R192,180,-0.782
A,E193,180,-0.896
A,H194,180,-0.576
A,L195,180,1.172
A,N196,180,-0.928
A,R197,180,0.202
A,L198,180,1.077
A,V199,180,1.215
A,D200,180,0.613
A,G201,180,-0.242
A,D202,180,-0.749
A,I203,180,1.488
A,I204,180,1.48
A,W205,180,0.638
A,A206,180,0.56
A,P207,180,-0.028
A,A208,180,0.564
A,I209,180,1.414
A,D210,180,0.246
A,G211,180,-0.563
A,A212,180,0.428
A,F213,180,1.389
A,V214,180,1.318
A,L215,180,1.425
A,T216,180,-0.312
A,T217,180,-0.214
A,R218,180,1.405
A,G219,180,0.103
A,G220,180,0.066
A,D221,180,-1.276
A,F222,180,1.08
A,D223,180,-1.151
A,L224,180,1.362
A,Q225,180,-0.663
A,L226,180,1.279
A,G227,180,0.077
A,T228,180,-0.243
A,D229,180,-1.453
A,V230,180,1.188
A,A231,180,0.752
A,I232,180,1.355
A,G233,180,-0.478
A,Y234,180,0.808
A,A235,180,0.531
A,S236,180,-0.913
A,H237,180,-0.354
A,D238,180,-0.221
A,T239,180,1.922
A,D240,180,0.802
A,T241,180,0.865
A,V242,180,1.369
A,R243,180,-0.9
A,L244,180,1.24
A,Y245,180,0.784
A,L246,180,1.332
A,Q247,180,-0.713
A,E248,180,-1.226
A,T249,180,-0.323
A,L250,180,1.35
A,T251,180,-0.071
A,F252,180,0.913
A,L253,180,1.152
A,C254,180,1.69
A,Y255,180,-2.577
A,T256,180,0.223
A,A257,180,-0.489
A,E258,180,-0.865
A,A259,180,0.553
A,S260,180,-0.753
A,V261,180,1.321
A,A262,180,-0.146
A,L263,180,1.423
A,S264,180,-0.618
A,M1,190,0.109
A,N2,190,-0.761
A,N3,190,-0.393
A,L4,190,0.888
A,Y5,190,-1.135
A,R6,190,-0.453
A,D7,190,-1.09
A,L8,190,-0.908
A,A9,190,-0.13
A,P10,190,-1.417
A,V11,190,1.41
A,T12,190,-0.07
A,E13,190,-0.754
A,A14,190,0.128
A,A15,190,1.228
A,W16,190,-0.572
A,A17,190,0.732
A,E18,190,-0.952
A,I19,190,1.569
A,E20,190,-1.006
A,L21,190,1.38
A,E22,190,-0.806
A,A23,190,0.852
A,A24,190,0.675
A,R25,190,-0.098
A,T26,190,-0.059
A,F27,190,0.851
A,K28,190,-0.562
A,R29,190,-0.508
A,H30,190,-0.179
A,I31,190,1.537
A,A32,190,0.713
A,G33,190,-0.53
A,R34,190,-0.262
A,R35,190,-0.354
A,V36,190,1.337
A,V37,190,1.429
A,D38,190,0.506
A,V39,190,1.644
A,S40,190,-0.568
A,D41,190,-0.899
A,P42,190,-1.731
A,G43,190,0.164
A,G44,190,-0.007
A,P45,190,0.341
A,V46,190,1.07
A,T47,190,-0.166
A,A48,190,0.166
A,A49,190,1.161
A,V50,190,1.027
A,S51,190,0.353
A,T52,190,-0.292
A,G53,190,-0.363
A,R54,190,1.401
A,L55,190,-0.756
A,I56,190,1.229
A,D57,190,2.156
A,V58,190,1.757
A,K59,190,1.299
A,A60,190,0.998
A,P61,190,0.706
A,T62,190,0.447
A,N63,190,-0.376
A,G64,190,-0.614
A,V65,190,1.277
A,I66,190,2.06
A,A67,190,0.648
A,H68,190,0.489
A,L69,190,0.886
A,R70,190,1.143
A,A71,190,-1.464
A,S72,190,0.286
A,K73,190,-1.145
A,P74,190,-1.019
A,L75,190,1.425
A,V76,190,1.387
A,R77,190,-0.817
A,L78,190,1.435
A,R79,190,-0.492
A,V80,190,1.329
A,P81,190,-0.853
A,F82,190,1.115
A,T83,190,-0.062
A,L84,190,1.2
A,S85,190,0.401
A,R86,190,-0.267
A,N87,190,0.585
A,E88,190,-1.426
A,I89,190,1.612
A,D90,190,0.784
A,D91,190,0.656
A,V92,190,1.39
A,E93,190,-1.484
A,R94,190,2.449
A,G95,190,-0.937
A,S96,190,-0.123
A,K97,190,1.43
A,D98,190,0.415
A,S99,190,-0.098
A,D100,190,-0.359
A,W101,190,1.299
A,E102,190,-1.616
A,P103,190,-0.903
A,V104,190,1.183
A,K105,190,-0.88
A,E106,190,-0.514
A,A107,190,0.745
A,A108,190,0.809
A,K109,190,-1.08
A,K110,190,-1.006
A,L111,190,1.209
A,A112,190,1.123
A,F113,190,-0.946
A,V114,190,1.636
A,E115,190,-0.968
A,D116,190,-1.341
A,R117,190,-0.521
A,T118,190,-0.231
A,I119,190,1.428
A,F120,190,1.377
A,E121,190,-0.577
A,G122,190,-0.426
A,Y123,190,-0.733
A,S124,190,-0.096
A,A125,190,0.073
A,A126,190,0.528
A,S127,190,0.099
A,I128,190,1.589
A,E129,190,-1.125
A,G130,190,-0.45
A,I131,190,1.481
A,R132,190,-0.022
A,S133,190,0.006
A,A134,190,-0.788
A,S135,190,0.15
A,S136,190,-0.661
A,N137,190,-0.476
A,P138,190,-0.874
A,A139,190,-1.382
A,L140,190,1.217
A,T141,190,-0.663
A,L142,190,1.345
A,P143,190,-1.443
A,E144,190,-0.093
A,D145,190,0.652
A,P146,190,-0.515
A,R147,190,1.898
A,E148,190,-1.396
A,I149,190,1.722
A,P150,190,-1.237
A,D151,190,0.534
A,V152,190,1.193
A,I153,190,1.358
A,S154,190,-0.446
A,Q155,190,-0.844
A,A156,190,0.855
A,L157,190,1.399
A,S158,190,-0.515
A,E159,190,-1.1
A,L160,190,1.371
A,R161,190,0.172
A,L162,190,0.687
A,A163,190,0.692
A,G164,190,-0.364
A,V165,190,1.448
A,D166,190,1.909
A,G167,190,-0.737
A,P168,190,-2.163
A,Y169,190,0.816
A,S170,190,-0.627
A,V171,190,1.27
A,L172,190,1.415
A,L173,190,1.544
A,S174,190,-0.601
A,A175,190,0.32
A,D176,190,0.475
A,V177,190,1.265
A,Y178,190,-1.159
A,T179,190,-0.466
A,K180,190,0.94
A,V181,190,1.647
A,S182,190,0.358
A,E183,190,-0.201
A,T184,190,-0.697
A,S185,190,0.521
A,D186,190,0.242
A,H187,190,0.636
A,G188,190,-0.173
A,Y189,190,-1.685
A,P190,190,-1.202
A,I191,190,1.382
A,R192,190,-0.804
A,E193,190,-1.116
A,H194,190,-0.548
A,L195,190,1.147
A,N196,190,-1.115
A,R197,190,0.314
A,L198,190,1.065
A,V199,190,1.179
A,D200,190,0.698
A,G201,190,-0.29
A,D202,190,-0.709
A,I203,190,1.381
A,I204,190,1.516
A,W205,190,-1.199
A,A206,190,0.772
A,P207,190,-1.088
A,A208,190,0.527
A,I209,190,1.559
A,D210,190,-0.767
A,G211,190,-0.555
A,A212,190,0.4
A,F213,190,1.468
A,V214,190,1.268
A,L215,190,1.585
A,T216,190,-0.299
A,T217,190,-0.225
A,R218,190,1.126
A,G219,190,-0.128
A,G220,190,0.316
A,D221,190,-1.416
A,F222,190,1.284
A,D223,190,-1.246
A,L224,190,1.479
A,Q225,190,-0.864
A,L226,190,1.459
A,G227,190,0.07
A,T228,190,-0.031
A,D229,190,-1.25
A,V230,190,1.24
A,A231,190,0.771
A,I232,190,1.283
A,G233,190,-0.473
A,Y234,190,0.773
A,A235,190,0.377
A,S236,190,-1.036
A,H237,190,-0.005
A,D238,190,0.32
A,T239,190,1.027
A,D240,190,1.142
A,T241,190,0.908
A,V242,190,1.422
A,R243,190,0.372
A,L244,190,1.275
A,Y245,190,0.739
A,L246,190,1.331
A,Q247,190,-0.691
A,E248,190,-1.365
A,T249,190,-0.032
A,L250,190,1.362
A,T251,190,-0.123
A,F252,190,1.141
A,L253,190,0.877
A,C254,190,1.409
A,Y255,190,-2.613
A,T256,190,0.171
A,A257,190,-0.775
A,E258,190,-0.932
A,A259,190,0.625
A,S260,190,-0.85
A,V261,190,1.296
A,A262,190,-0.158
A,L263,190,1.469
A,S264,190,-0.548
A,M1,200,0.506
A,N2,200,-0.84
A,N3,200,-0.718
A,L4,200,1.428
A,Y5,200,-0.939
A,R6,200,-0.397
A,D7,200,-1.885
A,L8,200,-0.906
A,A9,200,0.419
A,P10,200,-1.405
A,V11,200,1.328
A,T12,200,-0.194
A,E13,200,-0.691
A,A14,200,0.353
A,A15,200,1.102
A,W16,200,-0.185
A,A17,200,0.642
A,E18,200,-0.829
A,I19,200,1.589
A,E20,200,-1.023
A,L21,200,1.362
A,E22,200,-0.831
A,A23,200,0.895
A,A24,200,0.728
A,R25,200,0.167
A,T26,200,0.082
A,F27,200,0.873
A,K28,200,-0.058
A,R29,200,-0.518
A,H30,200,0.398
A,I31,200,1.436
A,A32,200,0.632
A,G33,200,-0.511
A,R34,200,-0.407
A,R35,200,-0.28
A,V36,200,1.279
A,V37,200,1.29
A,D38,200,-0.566
A,V39,200,1.307
A,S40,200,-0.974
A,D41,200,-1.161
A,P42,200,-1.362
A,G43,200,-0.258
A,G44,200,-0.239
A,P45,200,-0.84
A,V46,200,0.805
A,T47,200,-0.256
A,A48,200,0.256
A,A49,200,1.064
A,V50,200,1.09
A,S51,200,0.32
A,T52,200,-0.276
A,G53,200,-0.524
A,R54,200,0.55
A,L55,200,0.05
A,I56,200,1.139
A,D57,200,2.31
A,V58,200,1.498
A,K59,200,1.053
A,A60,200,0.984
A,P61,200,0.647
A,T62,200,0.465
A,N63,200,-0.111
A,G64,200,-0.482
A,V65,200,1.264
A,I66,200,2.024
A,A67,200,0.832
A,H68,200,0.699
A,L69,200,0.984
A,R70,200,-0.776
A,A71,200,-1.352
A,S72,200,-0.559
A,K73,200,-1.206
A,P74,200,-1.266
A,L75,200,1.456
A,V76,200,1.297
A,R77,200,-0.604
A,L78,200,1.333
A,R79,200,0.069
A,V80,200,1.292
A,P81,200,-0.667
A,F82,200,1.117
A,T83,200,-0.358
A,L84,200,1.218
A,S85,200,0.31
A,R86,200,-0.154
A,N87,200,0.918
A,E88,200,-1.16
A,I89,200,1.41
A,D90,200,0.592
A,D91,200,0.783
A,V92,200,1.287
A,E93,200,-1.36
A,R94,200,2.072
A,G95,200,-0.643
A,S96,200,-0.17
A,K97,200,1.792
A,D98,200,-0.232
A,S99,200,-0.598
A,D100,200,-0.257
A,W101,200,1.243
A,E102,200,-1.05
A,P103,200,-0.929
A,V104,200,1.192
A,K105,200,-1.064
A,E106,200,-0.593
A,A107,200,0.477
A,A108,200,0.747
A,K109,200,-0.534
A,K110,200,-0.98
A,L111,200,1.165
A,A112,200,1.068
A,F113,200,1.209
A,V114,200,1.384
A,E115,200,-1.066
A,D116,200,-1.313
A,R117,200,-0.536
A,T118,200,-0.251
A,I119,200,1.483
A,F120,200,1.655
A,E121,200,-0.71
A,G122,200,-0.427
A,Y123,200,-0.404
A,S124,200,-0.3
A,A125,200,-0.132
A,A126,200,0.557
A,S127,200,0.099
A,I128,200,1.406
A,E129,200,-1.307
A,G130,200,-0.471
A,I131,200,1.317
A,R132,200,-0.507
A,S133,200,0.03
A,A134,200,-1.389
A,S135,200,0.225
A,S136,200,-0.624
A,N137,200,-0.487
A,P138,200,-1.2
A,A139,200,-1.386
A,L140,200,1.155
A,T141,200,-0.687
A,L142,200,1.212
A,P143,200,-1.287
A,E144,200,-0.282
A,D145,200,-0.215
A,P146,200,-0.173
A,R147,200,2.28
A,E148,200,-1.413
A,I149,200,1.875
A,P150,200,-1.214
A,D151,200,0.612
A,V152,200,1.236
A,I153,200,1.438
A,S154,200,-0.413
A,Q155,200,-0.866
A,A156,200,0.734
A,L157,200,1.349
A,S158,200,-0.449
A,E159,200,-1.12
A,L160,200,1.41
A,R161,200,0.124
A,L162,200,-0.03
A,A163,200,0.899
A,G164,200,-0.334
A,V165,200,1.733
A,D166,200,1.881
A,G167,200,-0.774
A,P168,200,-0.083
A,Y169,200,0.818
A,S170,200,-0.667
A,V171,200,1.245
A,L172,200,1.36
A,L173,200,1.469
A,S174,200,-0.675
A,A175,200,0.288
A,D176,200,0.335
A,V177,200,1.257
A,Y178,200,0.494
A,T179,200,-0.558
A,K180,200,0.059
A,V181,200,1.024
A,S182,200,-0.29
A,E183,200,-0.793
A,T184,200,-0.634
A,S185,200,0.926
A,D186,200,0.56
A,H187,200,0.321
A,G188,200,0.126
A,Y189,200,-2.699
A,P190,200,-0.488
A,I191,200,1.264
A,R192,200,-0.677
A,E193,200,-0.883
A,H194,200,-0.284
A,L195,200,1.214
A,N196,200,-0.916
A,R197,200,0.384
A,L198,200,1.117
A,V199,200,1.187
A,D200,200,0.885
A,G201,200,-0.278
A,D202,200,-0.514
A,I203,200,1.488
A,I204,200,1.484
A,W205,200,0.723
A,A206,200,0.771
A,P207,200,-0.972
A,A208,200,0.524
A,I209,200,1.464
A,D210,200,-0.798
A,G211,200,-0.532
A,A212,200,0.347
A,F213,200,1.424
A,V214,200,1.255
A,L215,200,1.477
A,T216,200,-0.395
A,T217,200,-0.53
A,R218,200,1.81
A,G219,200,-0.581
A,G220,200,-0.311
A,D221,200,-1.269
A,F222,200,1.286
A,D223,200,-1.357
A,L224,200,1.329
A,Q225,200,-0.692
A,L226,200,1.283
A,G227,200,0.24
A,T228,200,-0.249
A,D229,200,-1.044
A,V230,200,1.189
A,A231,200,0.896
A,I232,200,1.353
A,G233,200,-0.468
A,Y234,200,0.806
A,A235,200,-0.443
A,S236,200,-0.802
A,H237,200,-0.212
A,D238,200,-0.805
A,T239,200,1.1
A,D240,200,0.719
A,T241,200,0.223
A,V242,200,1.362
A,R243,200,-0.797
A,L244,200,1.251
A,Y245,200,0.792
A,L246,200,1.285
A,Q247,200,-0.692
A,E248,200,-1.094
A,T249,200,-0.175
A,L250,200,1.319
A,T251,200,-0.127
A,F252,200,1.322
A,L253,200,1.3
A,C254,200,1.468
A,Y255,200,-2.472
A,T256,200,0.081
A,A257,200,-0.903
A,E258,200,-0.943
A,A259,200,0.563
A,S260,200,-0.797
A,V261,200,1.294
A,A262,200,-0.167
A,L263,200,1.446
A,S264,200,-0.56
